timestamp,hour,day_of_week,date,currentSpeed,freeFlowSpeed,confidence,congestion
2025-06-20T22:49:02.432903+02:00,22,4,2025-06-20,13,17,1,MEDIUM
2025-06-21T10:40:02.296409+02:00,10,5,2025-06-21,17,17,1,LOW
2025-06-23T13:56:01.758177+02:00,13,0,2025-06-23,17,17,1,LOW
2025-06-21T18:52:01.368892+02:00,18,5,2025-06-21,9,16,1,MEDIUM
2025-06-20T17:51:01.966450+02:00,17,4,2025-06-20,7,17,1,HIGH
2025-06-21T14:13:01.972519+02:00,14,5,2025-06-21,10,16,1,MEDIUM
2025-06-21T16:37:01.859636+02:00,16,5,2025-06-21,13,16,1,MEDIUM
2025-06-22T23:17:02.379540+02:00,23,6,2025-06-22,17,17,1,LOW
2025-06-20T21:04:02.161962+02:00,21,4,2025-06-20,17,17,1,LOW
2025-06-22T22:10:02.006965+02:00,22,6,2025-06-22,17,17,1,LOW
2025-06-21T15:10:01.747648+02:00,15,5,2025-06-21,13,17,1,MEDIUM
2025-06-21T12:17:02.182488+02:00,12,5,2025-06-21,11,16,1,MEDIUM
2025-06-21T18:07:01.827925+02:00,18,5,2025-06-21,7,16,1,HIGH
2025-06-21T20:08:02.167451+02:00,20,5,2025-06-21,3,17,1,HIGH
2025-06-22T23:20:01.630425+02:00,23,6,2025-06-22,17,17,1,LOW
2025-06-20T22:29:02.062346+02:00,22,4,2025-06-20,11,17,1,MEDIUM
2025-06-21T20:40:01.384476+02:00,20,5,2025-06-21,3,17,1,HIGH
2025-06-20T22:10:01.576623+02:00,22,4,2025-06-20,13,16,1,MEDIUM
2025-06-22T23:30:01.838207+02:00,23,6,2025-06-22,17,17,1,LOW
2025-06-21T17:39:01.368351+02:00,17,5,2025-06-21,6,15,1,HIGH
2025-06-21T14:40:01.466725+02:00,14,5,2025-06-21,17,17,1,LOW
2025-06-23T15:06:01.274265+02:00,15,0,2025-06-23,17,17,1,LOW
2025-06-21T19:09:01.828667+02:00,19,5,2025-06-21,4,18,1,HIGH
2025-06-22T23:53:01.686919+02:00,23,6,2025-06-22,17,17,1,LOW
2025-06-20T21:15:01.807965+02:00,21,4,2025-06-20,13,17,1,MEDIUM
2025-06-21T10:35:02.005944+02:00,10,5,2025-06-21,11,17,1,MEDIUM
2025-06-21T20:39:01.781479+02:00,20,5,2025-06-21,2,18,1,HIGH
2025-06-21T14:19:01.488480+02:00,14,5,2025-06-21,13,17,1,MEDIUM
2025-06-21T15:11:01.283441+02:00,15,5,2025-06-21,11,16,1,MEDIUM
2025-06-20T20:27:02.190034+02:00,20,4,2025-06-20,17,17,1,LOW
2025-06-21T18:43:02.172617+02:00,18,5,2025-06-21,5,16,1,HIGH
2025-06-21T14:34:01.902089+02:00,14,5,2025-06-21,17,17,1,LOW
2025-06-20T22:00:02.403536+02:00,22,4,2025-06-20,11,17,1,MEDIUM
2025-06-21T10:47:01.998480+02:00,10,5,2025-06-21,17,17,1,LOW
2025-06-21T19:03:01.692077+02:00,19,5,2025-06-21,10,16,1,MEDIUM
2025-06-22T22:52:02.409617+02:00,22,6,2025-06-22,17,17,1,LOW
2025-06-21T16:50:01.609303+02:00,16,5,2025-06-21,11,16,1,MEDIUM
2025-06-21T09:41:01.779302+02:00,9,5,2025-06-21,17,17,1,LOW
2025-06-20T23:36:01.603988+02:00,23,4,2025-06-20,14,17,1,MEDIUM
2025-06-20T19:29:01.654054+02:00,19,4,2025-06-20,17,17,1,LOW
2025-06-23T15:13:01.478520+02:00,15,0,2025-06-23,17,17,1,LOW
2025-06-21T15:35:01.904970+02:00,15,5,2025-06-21,11,16,1,MEDIUM
2025-06-21T18:08:01.421016+02:00,18,5,2025-06-21,8,16,1,HIGH
2025-06-20T20:33:02.519384+02:00,20,4,2025-06-20,17,17,1,LOW
2025-06-20T21:07:01.747693+02:00,21,4,2025-06-20,17,17,1,LOW
2025-06-21T12:07:01.744817+02:00,12,5,2025-06-21,11,16,1,MEDIUM
2025-06-21T09:13:01.737410+02:00,9,5,2025-06-21,14,17,1,MEDIUM
2025-06-21T17:08:01.548758+02:00,17,5,2025-06-21,10,17,1,MEDIUM
2025-06-21T15:40:02.162729+02:00,15,5,2025-06-21,13,17,1,MEDIUM
2025-06-21T18:10:01.581099+02:00,18,5,2025-06-21,9,16,1,MEDIUM
2025-06-21T18:37:02.222119+02:00,18,5,2025-06-21,17,17,1,LOW
2025-06-21T20:14:01.496654+02:00,20,5,2025-06-21,2,16,1,HIGH
2025-06-23T14:45:01.885441+02:00,14,0,2025-06-23,13,17,1,MEDIUM
2025-06-21T18:48:01.995514+02:00,18,5,2025-06-21,8,16,1,HIGH
2025-06-21T20:34:01.921925+02:00,20,5,2025-06-21,3,17,1,HIGH
2025-06-20T19:16:02.497596+02:00,19,4,2025-06-20,17,17,1,LOW
2025-06-20T21:57:02.692900+02:00,21,4,2025-06-20,13,17,1,MEDIUM
2025-06-21T11:02:01.605391+02:00,11,5,2025-06-21,17,17,1,LOW
2025-06-21T09:22:01.441093+02:00,9,5,2025-06-21,17,17,1,LOW
2025-06-22T23:46:02.314746+02:00,23,6,2025-06-22,17,17,1,LOW
2025-06-21T12:42:01.625449+02:00,12,5,2025-06-21,17,17,1,LOW
2025-06-20T20:36:01.588814+02:00,20,4,2025-06-20,17,17,1,LOW
2025-06-23T14:27:02.853331+02:00,14,0,2025-06-23,9,18,1,HIGH
2025-06-21T11:23:01.794861+02:00,11,5,2025-06-21,17,17,1,LOW
2025-06-21T19:05:01.776770+02:00,19,5,2025-06-21,7,16,1,HIGH
2025-06-21T09:17:01.825322+02:00,9,5,2025-06-21,17,17,1,LOW
2025-06-21T12:35:01.739288+02:00,12,5,2025-06-21,17,17,1,LOW
2025-06-22T23:07:01.421019+02:00,23,6,2025-06-22,17,17,1,LOW
2025-06-20T23:17:02.132971+02:00,23,4,2025-06-20,13,17,1,MEDIUM
2025-06-21T11:54:01.978702+02:00,11,5,2025-06-21,17,17,1,LOW
2025-06-20T21:09:01.695566+02:00,21,4,2025-06-20,13,17,1,MEDIUM
2025-06-21T19:44:01.619528+02:00,19,5,2025-06-21,3,18,1,HIGH
2025-06-21T17:10:01.725848+02:00,17,5,2025-06-21,11,17,1,MEDIUM
2025-06-20T21:54:01.690781+02:00,21,4,2025-06-20,17,17,1,LOW
2025-06-22T21:58:04.005196+02:00,21,6,2025-06-22,13,17,1,MEDIUM
2025-06-20T19:05:02.053299+02:00,19,4,2025-06-20,17,17,1,LOW
2025-06-21T20:47:01.420167+02:00,20,5,2025-06-21,3,16,1,HIGH
2025-06-20T20:58:01.839584+02:00,20,4,2025-06-20,17,17,1,LOW
2025-06-22T22:09:02.340528+02:00,22,6,2025-06-22,17,17,1,LOW
2025-06-21T18:36:01.700923+02:00,18,5,2025-06-21,17,17,1,LOW
2025-06-21T18:34:01.513678+02:00,18,5,2025-06-21,17,17,1,LOW
2025-06-20T19:46:02.242162+02:00,19,4,2025-06-20,17,17,1,LOW
2025-06-22T22:03:02.364874+02:00,22,6,2025-06-22,17,17,1,LOW
2025-06-21T13:24:01.774159+02:00,13,5,2025-06-21,13,16,1,MEDIUM
2025-06-21T20:57:02.158239+02:00,20,5,2025-06-21,7,17,1,HIGH
2025-06-20T18:49:02.048996+02:00,18,4,2025-06-20,10,17,1,MEDIUM
2025-06-23T13:11:02.159637+02:00,13,0,2025-06-23,11,17,1,MEDIUM
2025-06-23T14:37:01.277757+02:00,14,0,2025-06-23,11,16,1,MEDIUM
2025-06-22T22:44:01.560161+02:00,22,6,2025-06-22,17,17,1,LOW
2025-06-22T22:38:02.079666+02:00,22,6,2025-06-22,17,17,1,LOW
2025-06-21T11:57:01.791651+02:00,11,5,2025-06-21,17,17,1,LOW
2025-06-21T15:42:01.307188+02:00,15,5,2025-06-21,13,16,1,MEDIUM
2025-06-21T12:01:02.170881+02:00,12,5,2025-06-21,17,17,1,LOW
2025-06-20T22:23:02.051110+02:00,22,4,2025-06-20,17,17,1,LOW
2025-06-23T13:38:01.952158+02:00,13,0,2025-06-23,17,17,1,LOW
2025-06-21T16:25:01.747829+02:00,16,5,2025-06-21,9,16,1,MEDIUM
2025-06-20T23:38:02.475953+02:00,23,4,2025-06-20,17,17,1,LOW
2025-06-20T21:20:02.400747+02:00,21,4,2025-06-20,11,16,1,MEDIUM
2025-06-23T14:10:01.628387+02:00,14,0,2025-06-23,10,17,1,MEDIUM
2025-06-20T21:19:02.368440+02:00,21,4,2025-06-20,13,17,1,MEDIUM
2025-06-21T00:19:02.437285+02:00,0,5,2025-06-21,17,17,1,LOW
2025-06-20T20:05:01.941928+02:00,20,4,2025-06-20,17,17,1,LOW
2025-06-23T13:20:01.784622+02:00,13,0,2025-06-23,17,17,1,LOW
2025-06-20T17:42:02.252179+02:00,17,4,2025-06-20,5,17,1,HIGH
2025-06-21T16:07:02.272236+02:00,16,5,2025-06-21,10,17,1,MEDIUM
2025-06-23T13:12:02.244435+02:00,13,0,2025-06-23,11,17,1,MEDIUM
2025-06-21T11:13:01.898797+02:00,11,5,2025-06-21,17,17,1,LOW
2025-06-21T17:09:02.187853+02:00,17,5,2025-06-21,10,17,1,MEDIUM
2025-06-21T16:08:01.849533+02:00,16,5,2025-06-21,11,17,1,MEDIUM
2025-06-23T13:41:02.456357+02:00,13,0,2025-06-23,17,17,1,LOW
2025-06-21T17:21:02.060916+02:00,17,5,2025-06-21,11,16,1,MEDIUM
2025-06-22T23:42:02.376030+02:00,23,6,2025-06-22,17,17,1,LOW
2025-06-21T00:16:02.180543+02:00,0,5,2025-06-21,17,17,1,LOW
2025-06-21T11:31:01.325295+02:00,11,5,2025-06-21,17,17,1,LOW
2025-06-21T18:14:01.947720+02:00,18,5,2025-06-21,13,17,1,MEDIUM
2025-06-20T17:56:02.770039+02:00,17,4,2025-06-20,11,16,1,MEDIUM
2025-06-21T17:43:01.717766+02:00,17,5,2025-06-21,8,18,1,HIGH
2025-06-23T13:16:01.812008+02:00,13,0,2025-06-23,11,16,1,MEDIUM
2025-06-22T23:18:02.203024+02:00,23,6,2025-06-22,17,17,1,LOW
2025-06-20T17:47:01.541849+02:00,17,4,2025-06-20,8,15,1,MEDIUM
2025-06-21T15:05:02.035934+02:00,15,5,2025-06-21,13,17,1,MEDIUM
2025-06-21T12:40:01.788080+02:00,12,5,2025-06-21,17,17,1,LOW
2025-06-20T23:24:02.004849+02:00,23,4,2025-06-20,17,17,1,LOW
2025-06-20T21:59:02.369523+02:00,21,4,2025-06-20,13,17,1,MEDIUM
2025-06-21T11:33:01.468943+02:00,11,5,2025-06-21,17,17,1,LOW
2025-06-20T19:51:02.545264+02:00,19,4,2025-06-20,17,17,1,LOW
2025-06-21T10:14:01.624314+02:00,10,5,2025-06-21,17,17,1,LOW
2025-06-20T18:15:02.139160+02:00,18,4,2025-06-20,17,17,1,LOW
2025-06-20T20:00:02.270355+02:00,20,4,2025-06-20,14,17,1,MEDIUM
2025-06-21T14:55:02.185147+02:00,14,5,2025-06-21,17,17,1,LOW
2025-06-23T13:58:01.458350+02:00,13,0,2025-06-23,14,17,1,MEDIUM
2025-06-21T19:02:02.069532+02:00,19,5,2025-06-21,5,16,1,HIGH
2025-06-23T13:23:02.366565+02:00,13,0,2025-06-23,17,17,1,LOW
2025-06-21T17:54:02.121286+02:00,17,5,2025-06-21,8,16,1,HIGH
2025-06-21T14:46:02.030197+02:00,14,5,2025-06-21,13,16,1,MEDIUM
2025-06-20T21:55:01.484645+02:00,21,4,2025-06-20,17,17,1,LOW
2025-06-21T18:05:01.769817+02:00,18,5,2025-06-21,11,17,1,MEDIUM
2025-06-20T23:58:02.889369+02:00,23,4,2025-06-20,11,16,1,MEDIUM
2025-06-21T14:02:01.791869+02:00,14,5,2025-06-21,11,17,1,MEDIUM
2025-06-23T13:53:01.629058+02:00,13,0,2025-06-23,17,17,1,LOW
2025-06-20T22:17:02.121306+02:00,22,4,2025-06-20,13,17,1,MEDIUM
2025-06-20T23:08:01.723428+02:00,23,4,2025-06-20,17,17,1,LOW
2025-06-21T10:29:01.701424+02:00,10,5,2025-06-21,17,17,1,LOW
2025-06-21T13:46:01.580007+02:00,13,5,2025-06-21,17,17,1,LOW
2025-06-20T23:45:01.606998+02:00,23,4,2025-06-20,17,17,1,LOW
2025-06-21T09:30:02.088309+02:00,9,5,2025-06-21,17,17,1,LOW
2025-06-21T18:30:02.191435+02:00,18,5,2025-06-21,11,16,1,MEDIUM
2025-06-23T14:35:02.102855+02:00,14,0,2025-06-23,11,17,1,MEDIUM
2025-06-21T12:08:01.325393+02:00,12,5,2025-06-21,11,16,1,MEDIUM
2025-06-20T18:47:02.241887+02:00,18,4,2025-06-20,10,17,1,MEDIUM
2025-06-21T12:51:01.881067+02:00,12,5,2025-06-21,11,16,1,MEDIUM
2025-06-20T21:26:01.626412+02:00,21,4,2025-06-20,17,17,1,LOW
2025-06-20T19:08:02.462208+02:00,19,4,2025-06-20,17,17,1,LOW
2025-06-21T15:36:01.487047+02:00,15,5,2025-06-21,17,17,1,LOW
2025-06-20T19:07:01.675374+02:00,19,4,2025-06-20,17,17,1,LOW
2025-06-20T17:46:01.863125+02:00,17,4,2025-06-20,8,15,1,MEDIUM
2025-06-20T19:18:01.715839+02:00,19,4,2025-06-20,11,17,1,MEDIUM
2025-06-21T13:14:01.821076+02:00,13,5,2025-06-21,17,17,1,LOW
2025-06-21T16:31:01.292560+02:00,16,5,2025-06-21,13,16,1,MEDIUM
2025-06-23T14:33:02.622031+02:00,14,0,2025-06-23,10,16,1,MEDIUM
2025-06-21T13:38:01.789078+02:00,13,5,2025-06-21,17,17,1,LOW
2025-06-21T16:14:02.129172+02:00,16,5,2025-06-21,10,16,1,MEDIUM
2025-06-20T23:23:02.270434+02:00,23,4,2025-06-20,13,16,1,MEDIUM
2025-06-23T13:36:01.550209+02:00,13,0,2025-06-23,17,17,1,LOW
2025-06-20T20:01:02.170113+02:00,20,4,2025-06-20,11,16,1,MEDIUM
2025-06-20T19:56:01.915291+02:00,19,4,2025-06-20,11,16,1,MEDIUM
2025-06-20T19:22:01.987639+02:00,19,4,2025-06-20,11,16,1,MEDIUM
2025-06-21T12:05:01.542012+02:00,12,5,2025-06-21,13,17,1,MEDIUM
2025-06-21T19:08:01.269456+02:00,19,5,2025-06-21,7,17,1,HIGH
2025-06-21T11:29:02.239519+02:00,11,5,2025-06-21,13,16,1,MEDIUM
2025-06-21T10:21:02.047625+02:00,10,5,2025-06-21,14,17,1,MEDIUM
2025-06-23T14:02:01.522862+02:00,14,0,2025-06-23,13,17,1,MEDIUM
2025-06-21T20:50:02.187349+02:00,20,5,2025-06-21,4,16,1,HIGH
2025-06-21T13:07:01.889033+02:00,13,5,2025-06-21,13,17,1,MEDIUM
2025-06-22T21:59:02.349277+02:00,21,6,2025-06-22,17,17,1,LOW
2025-06-21T19:12:01.583322+02:00,19,5,2025-06-21,6,18,1,HIGH
2025-06-20T17:52:01.991760+02:00,17,4,2025-06-20,8,18,1,HIGH
2025-06-20T22:01:02.482730+02:00,22,4,2025-06-20,11,17,1,MEDIUM
2025-06-22T22:24:02.448741+02:00,22,6,2025-06-22,17,17,1,LOW
2025-06-20T22:11:01.648529+02:00,22,4,2025-06-20,17,17,1,LOW
2025-06-21T19:07:01.755841+02:00,19,5,2025-06-21,8,17,1,HIGH
2025-06-21T17:30:02.269171+02:00,17,5,2025-06-21,9,16,1,MEDIUM
2025-06-21T13:06:02.278167+02:00,13,5,2025-06-21,17,17,1,LOW
2025-06-20T20:44:02.417335+02:00,20,4,2025-06-20,17,17,1,LOW
2025-06-22T22:02:01.982135+02:00,22,6,2025-06-22,17,17,1,LOW
2025-06-21T10:37:02.195180+02:00,10,5,2025-06-21,14,17,1,MEDIUM
2025-06-20T20:49:01.667139+02:00,20,4,2025-06-20,17,17,1,LOW
2025-06-23T14:04:02.072565+02:00,14,0,2025-06-23,13,17,1,MEDIUM
2025-06-21T12:31:01.596309+02:00,12,5,2025-06-21,13,16,1,MEDIUM
2025-06-20T21:34:02.525950+02:00,21,4,2025-06-20,11,16,1,MEDIUM
2025-06-21T10:16:01.839594+02:00,10,5,2025-06-21,17,17,1,LOW
2025-06-22T23:43:02.143095+02:00,23,6,2025-06-22,17,17,1,LOW
2025-06-23T13:33:02.437214+02:00,13,0,2025-06-23,17,17,1,LOW
2025-06-21T19:58:02.294534+02:00,19,5,2025-06-21,2,18,1,HIGH
2025-06-21T10:53:01.526176+02:00,10,5,2025-06-21,17,17,1,LOW
2025-06-21T15:29:01.744717+02:00,15,5,2025-06-21,11,17,1,MEDIUM
2025-06-20T23:41:02.455464+02:00,23,4,2025-06-20,17,17,1,LOW
2025-06-21T16:43:01.580799+02:00,16,5,2025-06-21,17,17,1,LOW
2025-06-22T22:07:01.702516+02:00,22,6,2025-06-22,17,17,1,LOW
2025-06-21T09:24:01.621411+02:00,9,5,2025-06-21,17,17,1,LOW
2025-06-20T17:55:01.585174+02:00,17,4,2025-06-20,11,16,1,MEDIUM
2025-06-22T22:20:01.988966+02:00,22,6,2025-06-22,17,17,1,LOW
2025-06-21T12:47:01.617825+02:00,12,5,2025-06-21,17,17,1,LOW
2025-06-20T22:07:01.525853+02:00,22,4,2025-06-20,17,17,1,LOW
2025-06-22T22:48:01.475222+02:00,22,6,2025-06-22,17,17,1,LOW
2025-06-21T12:14:01.472654+02:00,12,5,2025-06-21,11,16,1,MEDIUM
2025-06-21T19:27:01.849754+02:00,19,5,2025-06-21,3,16,1,HIGH
2025-06-21T09:09:11.688305+02:00,9,5,2025-06-21,17,17,1,LOW
2025-06-21T00:12:02.294900+02:00,0,5,2025-06-21,17,17,1,LOW
2025-06-20T19:25:02.360155+02:00,19,4,2025-06-20,11,16,1,MEDIUM
2025-06-21T20:27:02.078337+02:00,20,5,2025-06-21,2,21,1,HIGH
2025-06-20T20:20:02.106272+02:00,20,4,2025-06-20,17,17,1,LOW
2025-06-20T21:41:02.349983+02:00,21,4,2025-06-20,17,17,1,LOW
2025-06-22T22:58:01.707744+02:00,22,6,2025-06-22,17,17,1,LOW
2025-06-21T11:05:01.271284+02:00,11,5,2025-06-21,17,17,1,LOW
2025-06-21T16:42:01.953468+02:00,16,5,2025-06-21,17,17,1,LOW
2025-06-20T19:38:02.382246+02:00,19,4,2025-06-20,17,17,1,LOW
2025-06-21T14:36:02.075277+02:00,14,5,2025-06-21,17,17,1,LOW
2025-06-21T17:06:01.512133+02:00,17,5,2025-06-21,10,17,1,MEDIUM
2025-06-22T23:49:01.709922+02:00,23,6,2025-06-22,17,17,1,LOW
2025-06-21T15:07:02.153953+02:00,15,5,2025-06-21,17,17,1,LOW
2025-06-21T18:51:01.775100+02:00,18,5,2025-06-21,9,16,1,MEDIUM
2025-06-21T19:01:01.640578+02:00,19,5,2025-06-21,6,18,1,HIGH
2025-06-21T16:26:01.346400+02:00,16,5,2025-06-21,14,17,1,MEDIUM
2025-06-23T14:06:01.558584+02:00,14,0,2025-06-23,17,17,1,LOW
2025-06-21T19:52:02.318606+02:00,19,5,2025-06-21,4,17,1,HIGH
2025-06-21T11:37:01.834930+02:00,11,5,2025-06-21,17,17,1,LOW
2025-06-21T14:21:01.441624+02:00,14,5,2025-06-21,13,17,1,MEDIUM
2025-06-21T14:54:01.600584+02:00,14,5,2025-06-21,14,17,1,MEDIUM
2025-06-20T23:14:02.523684+02:00,23,4,2025-06-20,13,17,1,MEDIUM
2025-06-22T23:36:01.926450+02:00,23,6,2025-06-22,17,17,1,LOW
2025-06-20T19:11:01.973541+02:00,19,4,2025-06-20,17,17,1,LOW
2025-06-22T22:27:01.544053+02:00,22,6,2025-06-22,17,17,1,LOW
2025-06-21T17:23:02.241052+02:00,17,5,2025-06-21,13,17,1,MEDIUM
2025-06-20T20:55:02.411291+02:00,20,4,2025-06-20,17,17,1,LOW
2025-06-20T18:55:02.510461+02:00,18,4,2025-06-20,13,16,1,MEDIUM
2025-06-20T19:33:01.936705+02:00,19,4,2025-06-20,17,17,1,LOW
2025-06-20T17:59:01.748938+02:00,17,4,2025-06-20,17,17,1,LOW
2025-06-23T15:08:01.303955+02:00,15,0,2025-06-23,17,17,1,LOW
2025-06-21T18:49:01.565055+02:00,18,5,2025-06-21,9,15,1,MEDIUM
2025-06-21T10:03:02.260048+02:00,10,5,2025-06-21,17,17,1,LOW
2025-06-20T21:58:02.334225+02:00,21,58,2025-06-20,11,16,1,MEDIUM
2025-06-21T13:22:01.601332+02:00,13,5,2025-06-21,17,17,1,LOW
2025-06-22T22:29:01.940580+02:00,22,6,2025-06-22,17,17,1,LOW
2025-06-21T17:57:01.854281+02:00,17,5,2025-06-21,6,16,1,HIGH
2025-06-22T22:32:02.019333+02:00,22,6,2025-06-22,17,17,1,LOW
2025-06-21T11:58:01.398777+02:00,11,5,2025-06-21,14,17,1,MEDIUM
2025-06-21T12:23:01.475017+02:00,12,5,2025-06-21,13,17,1,MEDIUM
2025-06-21T10:04:01.902097+02:00,10,5,2025-06-21,17,17,1,LOW
2025-06-21T11:28:01.604710+02:00,11,5,2025-06-21,17,17,1,LOW
2025-06-20T18:03:02.482618+02:00,18,4,2025-06-20,17,17,1,LOW
2025-06-22T23:39:02.180364+02:00,23,6,2025-06-22,17,17,1,LOW
2025-06-22T22:34:01.771898+02:00,22,6,2025-06-22,17,17,1,LOW
2025-06-20T23:47:02.337073+02:00,23,4,2025-06-20,17,17,1,LOW
2025-06-20T18:19:02.014567+02:00,18,4,2025-06-20,11,17,1,MEDIUM
2025-06-21T14:58:02.001942+02:00,14,5,2025-06-21,13,17,1,MEDIUM
2025-06-20T21:23:02.096482+02:00,21,4,2025-06-20,17,17,1,LOW
2025-06-22T23:44:01.924509+02:00,23,6,2025-06-22,17,17,1,LOW
2025-06-21T18:22:01.710815+02:00,18,5,2025-06-21,10,17,1,MEDIUM
2025-06-20T18:29:01.736392+02:00,18,4,2025-06-20,9,17,1,MEDIUM
2025-06-21T11:26:01.450002+02:00,11,5,2025-06-21,17,17,1,LOW
2025-06-20T23:54:01.874738+02:00,23,4,2025-06-20,17,17,1,LOW
2025-06-21T17:37:01.196941+02:00,17,5,2025-06-21,9,16,1,MEDIUM
2025-06-23T13:26:01.774503+02:00,13,0,2025-06-23,14,17,1,MEDIUM
2025-06-20T19:03:01.976723+02:00,19,4,2025-06-20,17,17,1,LOW
2025-06-21T10:52:01.914501+02:00,10,5,2025-06-21,17,17,1,LOW
2025-06-21T19:32:01.807400+02:00,19,5,2025-06-21,3,15,1,HIGH
2025-06-23T15:01:01.581787+02:00,15,0,2025-06-23,17,17,1,LOW
2025-06-20T21:27:02.444580+02:00,21,4,2025-06-20,17,17,1,LOW
2025-06-23T15:00:02.693807+02:00,15,0,2025-06-23,13,17,1,MEDIUM
2025-06-21T09:37:01.229504+02:00,9,5,2025-06-21,17,17,1,LOW
2025-06-21T12:11:01.878627+02:00,12,5,2025-06-21,13,17,1,MEDIUM
2025-06-21T13:04:02.055727+02:00,13,5,2025-06-21,17,17,1,LOW
2025-06-20T23:46:02.482067+02:00,23,4,2025-06-20,17,17,1,LOW
2025-06-20T20:15:01.859451+02:00,20,4,2025-06-20,17,17,1,LOW
2025-06-20T20:53:01.625196+02:00,20,4,2025-06-20,17,17,1,LOW
2025-06-20T19:04:01.953379+02:00,19,4,2025-06-20,17,17,1,LOW
2025-06-21T15:31:01.779051+02:00,15,5,2025-06-21,11,16,1,MEDIUM
2025-06-23T13:42:02.210522+02:00,13,0,2025-06-23,14,17,1,MEDIUM
2025-06-21T13:25:01.393064+02:00,13,5,2025-06-21,13,16,1,MEDIUM
2025-06-21T14:43:02.164690+02:00,14,5,2025-06-21,13,16,1,MEDIUM
2025-06-21T10:15:02.250681+02:00,10,5,2025-06-21,17,17,1,LOW
2025-06-23T14:23:01.406743+02:00,14,0,2025-06-23,13,17,1,MEDIUM
2025-06-21T19:39:01.595388+02:00,19,5,2025-06-21,4,16,1,HIGH
2025-06-21T20:45:02.269130+02:00,20,5,2025-06-21,4,17,1,HIGH
2025-06-21T15:38:01.699413+02:00,15,5,2025-06-21,17,17,1,LOW
2025-06-21T20:53:01.823752+02:00,20,5,2025-06-21,7,15,1,HIGH
2025-06-22T22:22:01.438110+02:00,22,6,2025-06-22,17,17,1,LOW
2025-06-20T20:51:01.847670+02:00,20,4,2025-06-20,17,17,1,LOW
2025-06-21T17:35:02.227137+02:00,17,5,2025-06-21,10,17,1,MEDIUM
2025-06-20T19:01:02.345908+02:00,19,4,2025-06-20,17,17,1,LOW
2025-06-20T22:37:01.810353+02:00,22,4,2025-06-20,17,17,1,LOW
2025-06-22T23:04:02.481233+02:00,23,6,2025-06-22,17,17,1,LOW
2025-06-21T11:47:01.899544+02:00,11,5,2025-06-21,11,16,1,MEDIUM
2025-06-21T10:20:01.471589+02:00,10,5,2025-06-21,11,16,1,MEDIUM
2025-06-21T12:18:01.754941+02:00,12,5,2025-06-21,9,16,1,MEDIUM
2025-06-21T17:19:02.083355+02:00,17,5,2025-06-21,11,16,1,MEDIUM
2025-06-20T23:05:01.875933+02:00,23,4,2025-06-20,11,17,1,MEDIUM
2025-06-21T12:56:01.958245+02:00,12,5,2025-06-21,17,17,1,LOW
2025-06-20T19:52:02.452497+02:00,19,4,2025-06-20,13,16,1,MEDIUM
2025-06-20T17:48:02.546468+02:00,17,4,2025-06-20,6,17,1,HIGH
2025-06-20T21:35:02.394997+02:00,21,4,2025-06-20,17,17,1,LOW
2025-06-21T15:13:01.479744+02:00,15,5,2025-06-21,11,16,1,MEDIUM
2025-06-21T00:15:02.326973+02:00,0,5,2025-06-21,17,17,1,LOW
2025-06-20T18:38:01.762773+02:00,18,4,2025-06-20,5,16,1,HIGH
2025-06-21T19:57:01.705226+02:00,19,5,2025-06-21,2,18,1,HIGH
2025-06-21T19:21:01.412359+02:00,19,5,2025-06-21,3,16,1,HIGH
2025-06-22T22:49:02.179870+02:00,22,6,2025-06-22,17,17,1,LOW
2025-06-21T09:52:01.975945+02:00,9,5,2025-06-21,17,17,1,LOW
2025-06-21T00:05:01.930084+02:00,0,5,2025-06-21,17,17,1,LOW
2025-06-23T14:42:02.017740+02:00,14,0,2025-06-23,13,17,1,MEDIUM
2025-06-21T11:17:02.176685+02:00,11,5,2025-06-21,17,17,1,LOW
2025-06-21T14:41:02.072551+02:00,14,5,2025-06-21,17,17,1,LOW
2025-06-20T18:08:02.256559+02:00,18,4,2025-06-20,17,17,1,LOW
2025-06-21T17:32:01.490627+02:00,17,5,2025-06-21,10,17,1,MEDIUM
2025-06-21T16:51:02.203332+02:00,16,5,2025-06-21,11,16,1,MEDIUM
2025-06-21T16:56:02.055255+02:00,16,5,2025-06-21,10,17,1,MEDIUM
2025-06-20T22:55:01.656435+02:00,22,4,2025-06-20,17,17,1,LOW
2025-06-21T09:16:01.230786+02:00,9,5,2025-06-21,17,17,1,LOW
2025-06-20T22:21:02.060026+02:00,22,4,2025-06-20,13,17,1,MEDIUM
2025-06-20T18:42:01.663890+02:00,18,4,2025-06-20,7,16,1,HIGH
2025-06-21T12:46:02.010221+02:00,12,5,2025-06-21,17,17,1,LOW
2025-06-21T14:08:01.298213+02:00,14,5,2025-06-21,13,16,1,MEDIUM
2025-06-20T21:10:01.745741+02:00,21,4,2025-06-20,17,17,1,LOW
2025-06-21T10:10:02.292815+02:00,10,5,2025-06-21,17,17,1,LOW
2025-06-21T13:23:02.184525+02:00,13,5,2025-06-21,11,16,1,MEDIUM
2025-06-23T13:21:01.558339+02:00,13,0,2025-06-23,17,17,1,LOW
2025-06-21T14:09:01.775166+02:00,14,5,2025-06-21,10,17,1,MEDIUM
2025-06-20T18:07:02.283050+02:00,18,4,2025-06-20,17,17,1,LOW
2025-06-23T13:18:01.761089+02:00,13,0,2025-06-23,14,17,1,MEDIUM
2025-06-20T18:24:01.873906+02:00,18,4,2025-06-20,10,16,1,MEDIUM
2025-06-20T23:56:01.477051+02:00,23,4,2025-06-20,13,17,1,MEDIUM
2025-06-21T10:43:01.868058+02:00,10,5,2025-06-21,13,17,1,MEDIUM
2025-06-20T23:40:02.680836+02:00,23,4,2025-06-20,17,17,1,LOW
2025-06-23T14:09:01.809013+02:00,14,0,2025-06-23,13,17,1,MEDIUM
2025-06-22T22:36:02.178621+02:00,22,6,2025-06-22,17,17,1,LOW
2025-06-21T13:35:02.035560+02:00,13,5,2025-06-21,17,17,1,LOW
2025-06-20T18:30:01.689758+02:00,18,4,2025-06-20,8,16,1,HIGH
2025-06-21T14:42:01.622746+02:00,14,5,2025-06-21,13,16,1,MEDIUM
2025-06-21T17:05:01.921562+02:00,17,5,2025-06-21,10,17,1,MEDIUM
2025-06-21T13:53:01.627166+02:00,13,5,2025-06-21,13,17,1,MEDIUM
2025-06-21T11:35:01.735526+02:00,11,5,2025-06-21,17,17,1,LOW
2025-06-21T20:22:02.157633+02:00,20,5,2025-06-21,2,17,1,HIGH
2025-06-21T15:23:01.514112+02:00,15,5,2025-06-21,11,16,1,MEDIUM
2025-06-23T14:11:02.390316+02:00,14,0,2025-06-23,10,17,1,MEDIUM
2025-06-21T14:06:01.270051+02:00,14,5,2025-06-21,13,16,1,MEDIUM
2025-06-20T22:50:02.284998+02:00,22,4,2025-06-20,13,17,1,MEDIUM
2025-06-21T15:37:02.047426+02:00,15,5,2025-06-21,17,17,1,LOW
2025-06-20T22:31:01.522278+02:00,22,4,2025-06-20,10,16,1,MEDIUM
2025-06-22T22:35:01.460462+02:00,22,6,2025-06-22,17,17,1,LOW
2025-06-21T00:00:01.965131+02:00,0,5,2025-06-21,10,17,1,MEDIUM
2025-06-21T00:06:01.914529+02:00,0,5,2025-06-21,17,17,1,LOW
2025-06-21T11:59:01.999568+02:00,11,5,2025-06-21,11,16,1,MEDIUM
2025-06-23T13:19:01.995939+02:00,13,0,2025-06-23,13,17,1,MEDIUM
2025-06-21T13:56:01.386987+02:00,13,5,2025-06-21,10,16,1,MEDIUM
2025-06-21T20:26:01.462893+02:00,20,5,2025-06-21,2,19,1,HIGH
2025-06-20T21:12:02.426818+02:00,21,4,2025-06-20,13,17,1,MEDIUM
2025-06-23T13:39:01.944567+02:00,13,0,2025-06-23,17,17,1,LOW
2025-06-21T09:45:02.116130+02:00,9,5,2025-06-21,13,16,1,MEDIUM
2025-06-20T23:27:02.588833+02:00,23,4,2025-06-20,11,16,1,MEDIUM
2025-06-21T13:32:02.257521+02:00,13,5,2025-06-21,17,17,1,LOW
2025-06-22T23:21:02.287284+02:00,23,6,2025-06-22,17,17,1,LOW
2025-06-21T18:09:01.994717+02:00,18,5,2025-06-21,9,16,1,MEDIUM
2025-06-21T16:53:01.208120+02:00,16,5,2025-06-21,10,16,1,MEDIUM
2025-06-21T15:52:01.769414+02:00,15,5,2025-06-21,17,17,1,LOW
2025-06-20T23:53:01.720843+02:00,23,4,2025-06-20,17,17,1,LOW
2025-06-21T20:16:01.666606+02:00,20,5,2025-06-21,2,18,1,HIGH
2025-06-21T15:09:02.162411+02:00,15,5,2025-06-21,11,16,1,MEDIUM
2025-06-21T13:09:01.932253+02:00,13,5,2025-06-21,17,17,1,LOW
2025-06-22T22:17:01.825043+02:00,22,6,2025-06-22,17,17,1,LOW
2025-06-21T20:46:01.874207+02:00,20,5,2025-06-21,3,17,1,HIGH
2025-06-23T15:14:02.085695+02:00,15,0,2025-06-23,17,17,1,LOW
2025-06-21T16:44:02.189355+02:00,16,5,2025-06-21,11,17,1,MEDIUM
2025-06-22T23:27:01.836313+02:00,23,6,2025-06-22,17,17,1,LOW
2025-06-20T21:05:01.997642+02:00,21,4,2025-06-20,14,17,1,MEDIUM
2025-06-20T20:48:01.707227+02:00,20,4,2025-06-20,17,17,1,LOW
2025-06-21T13:21:02.026506+02:00,13,5,2025-06-21,17,17,1,LOW
2025-06-21T18:25:01.311603+02:00,18,5,2025-06-21,10,17,1,MEDIUM
2025-06-20T17:44:01.919071+02:00,17,4,2025-06-20,9,16,1,MEDIUM
2025-06-21T16:23:01.497171+02:00,16,5,2025-06-21,9,16,1,MEDIUM
2025-06-21T00:07:02.192910+02:00,0,5,2025-06-21,17,17,1,LOW
2025-06-22T22:19:02.275784+02:00,22,6,2025-06-22,17,17,1,LOW
2025-06-21T16:27:02.041341+02:00,16,5,2025-06-21,14,17,1,MEDIUM
2025-06-20T21:33:01.784888+02:00,21,4,2025-06-20,13,17,1,MEDIUM
2025-06-21T18:16:02.160834+02:00,18,5,2025-06-21,10,17,1,MEDIUM
2025-06-21T15:22:01.898799+02:00,15,5,2025-06-21,11,16,1,MEDIUM
2025-06-20T22:39:02.530286+02:00,22,4,2025-06-20,17,17,1,LOW
2025-06-23T14:38:01.885020+02:00,14,0,2025-06-23,11,16,1,MEDIUM
2025-06-21T11:30:01.770545+02:00,11,5,2025-06-21,17,17,1,LOW
2025-06-21T00:03:01.850875+02:00,0,5,2025-06-21,11,16,1,MEDIUM
2025-06-20T22:35:02.086492+02:00,22,4,2025-06-20,13,17,1,MEDIUM
2025-06-21T12:36:01.346789+02:00,12,5,2025-06-21,17,17,1,LOW
2025-06-20T22:22:02.062479+02:00,22,4,2025-06-20,13,17,1,MEDIUM
2025-06-23T13:52:01.875722+02:00,13,0,2025-06-23,17,17,1,LOW
2025-06-20T18:16:02.055736+02:00,18,4,2025-06-20,11,16,1,MEDIUM
2025-06-21T20:37:01.583855+02:00,20,5,2025-06-21,2,18,1,HIGH
2025-06-21T16:13:01.530799+02:00,16,5,2025-06-21,10,17,1,MEDIUM
2025-06-21T18:50:02.153717+02:00,18,5,2025-06-21,9,16,1,MEDIUM
2025-06-22T23:10:02.347400+02:00,23,6,2025-06-22,17,17,1,LOW
2025-06-21T11:40:01.564449+02:00,11,5,2025-06-21,17,17,1,LOW
2025-06-20T22:51:02.568855+02:00,22,4,2025-06-20,17,17,1,LOW
2025-06-21T20:09:01.633520+02:00,20,5,2025-06-21,2,16,1,HIGH
2025-06-23T14:13:01.988233+02:00,14,0,2025-06-23,9,16,1,MEDIUM
2025-06-23T14:19:01.535555+02:00,14,0,2025-06-23,17,17,1,LOW
2025-06-23T14:01:01.766143+02:00,14,0,2025-06-23,11,16,1,MEDIUM
2025-06-21T20:51:01.771665+02:00,20,5,2025-06-21,5,17,1,HIGH
2025-06-21T16:03:01.874282+02:00,16,5,2025-06-21,17,17,1,LOW
2025-06-21T13:00:01.414436+02:00,13,5,2025-06-21,17,17,1,LOW
2025-06-22T22:53:02.111591+02:00,22,6,2025-06-22,17,17,1,LOW
2025-06-20T22:16:01.781491+02:00,22,4,2025-06-20,17,17,1,LOW
2025-06-21T20:04:01.809822+02:00,20,5,2025-06-21,2,16,1,HIGH
2025-06-21T18:47:01.459577+02:00,18,5,2025-06-21,7,17,1,HIGH
2025-06-21T09:47:01.342272+02:00,9,5,2025-06-21,17,17,1,LOW
2025-06-21T16:22:01.897712+02:00,16,5,2025-06-21,9,16,1,MEDIUM
2025-06-21T10:36:01.653518+02:00,10,5,2025-06-21,11,17,1,MEDIUM
2025-06-21T10:13:02.048494+02:00,10,5,2025-06-21,17,17,1,LOW
2025-06-20T19:09:02.299841+02:00,19,4,2025-06-20,17,17,1,LOW
2025-06-22T22:26:01.712335+02:00,22,6,2025-06-22,17,17,1,LOW
2025-06-21T14:47:01.537111+02:00,14,5,2025-06-21,11,16,1,MEDIUM
2025-06-21T17:02:02.259336+02:00,17,5,2025-06-21,11,16,1,MEDIUM
2025-06-21T10:59:01.871764+02:00,10,5,2025-06-21,13,17,1,MEDIUM
2025-06-21T20:23:01.698329+02:00,20,5,2025-06-21,3,17,1,HIGH
2025-06-20T22:57:02.457596+02:00,22,4,2025-06-20,17,17,1,LOW
2025-06-20T19:30:01.460699+02:00,19,4,2025-06-20,17,17,1,LOW
2025-06-23T13:49:01.529342+02:00,13,0,2025-06-23,17,17,1,LOW
2025-06-22T22:45:02.317102+02:00,22,6,2025-06-22,17,17,1,LOW
2025-06-22T22:11:02.304308+02:00,22,6,2025-06-22,17,17,1,LOW
2025-06-20T20:18:02.371558+02:00,20,4,2025-06-20,17,17,1,LOW
2025-06-21T12:02:01.733762+02:00,12,5,2025-06-21,17,17,1,LOW
2025-06-20T19:23:01.734454+02:00,19,4,2025-06-20,13,16,1,MEDIUM
2025-06-22T22:01:01.749042+02:00,22,6,2025-06-22,17,17,1,LOW
2025-06-21T09:23:02.032437+02:00,9,5,2025-06-21,17,17,1,LOW
2025-06-21T13:20:01.414545+02:00,13,5,2025-06-21,17,17,1,LOW
2025-06-21T15:59:01.511565+02:00,15,5,2025-06-21,17,17,1,LOW
2025-06-22T22:14:02.555782+02:00,22,6,2025-06-22,17,17,1,LOW
2025-06-21T19:25:01.777061+02:00,19,5,2025-06-21,4,16,1,HIGH
2025-06-21T13:37:02.183681+02:00,13,5,2025-06-21,17,17,1,LOW
2025-06-21T17:34:01.636151+02:00,17,5,2025-06-21,9,16,1,MEDIUM
2025-06-20T22:33:02.362967+02:00,22,4,2025-06-20,11,16,1,MEDIUM
2025-06-21T13:57:01.940792+02:00,13,5,2025-06-21,10,17,1,MEDIUM
2025-06-21T09:53:01.436937+02:00,9,5,2025-06-21,17,17,1,LOW
2025-06-21T15:57:01.365349+02:00,15,5,2025-06-21,17,17,1,LOW
2025-06-21T09:19:02.625219+02:00,9,5,2025-06-21,17,17,1,LOW
2025-06-22T23:14:02.049130+02:00,23,6,2025-06-22,17,17,1,LOW
2025-06-21T16:12:02.004149+02:00,16,5,2025-06-21,10,17,1,MEDIUM
2025-06-22T23:33:01.726679+02:00,23,6,2025-06-22,17,17,1,LOW
2025-06-23T14:32:02.331154+02:00,14,0,2025-06-23,9,17,1,MEDIUM
2025-06-21T12:24:02.025811+02:00,12,5,2025-06-21,13,16,1,MEDIUM
2025-06-21T12:29:01.552922+02:00,12,5,2025-06-21,14,17,1,MEDIUM
2025-06-21T13:45:02.024654+02:00,13,5,2025-06-21,13,16,1,MEDIUM
2025-06-21T09:48:01.954905+02:00,9,5,2025-06-21,17,17,1,LOW
2025-06-21T09:56:02.186509+02:00,9,5,2025-06-21,17,17,1,LOW
2025-06-21T16:17:01.879666+02:00,16,5,2025-06-21,10,16,1,MEDIUM
2025-06-21T17:46:01.423657+02:00,17,5,2025-06-21,9,18,1,HIGH
2025-06-21T15:50:01.769131+02:00,15,5,2025-06-21,17,17,1,LOW
2025-06-23T14:03:02.291956+02:00,14,0,2025-06-23,11,16,1,MEDIUM
2025-06-20T23:51:01.880984+02:00,23,4,2025-06-20,17,17,1,LOW
2025-06-20T19:15:01.644370+02:00,19,4,2025-06-20,17,17,1,LOW
2025-06-23T15:07:01.790017+02:00,15,0,2025-06-23,17,17,1,LOW
2025-06-21T12:55:01.333559+02:00,12,5,2025-06-21,13,17,1,MEDIUM
2025-06-23T13:40:01.675395+02:00,13,0,2025-06-23,17,17,1,LOW
2025-06-20T23:55:01.713436+02:00,23,4,2025-06-20,17,17,1,LOW
2025-06-21T19:53:01.773234+02:00,19,5,2025-06-21,4,18,1,HIGH
2025-06-21T09:29:01.490762+02:00,9,5,2025-06-21,17,17,1,LOW
2025-06-20T19:41:01.771616+02:00,19,4,2025-06-20,11,16,1,MEDIUM
2025-06-21T10:25:01.350352+02:00,10,5,2025-06-21,17,17,1,LOW
2025-06-20T20:10:01.545963+02:00,20,4,2025-06-20,17,17,1,LOW
2025-06-20T19:27:02.020122+02:00,19,4,2025-06-20,17,17,1,LOW
2025-06-20T19:10:02.162581+02:00,19,4,2025-06-20,17,17,1,LOW
2025-06-22T23:05:02.251841+02:00,23,6,2025-06-22,17,17,1,LOW
2025-06-21T17:55:01.756781+02:00,17,5,2025-06-21,8,16,1,HIGH
2025-06-21T11:10:02.056628+02:00,11,5,2025-06-21,11,16,1,MEDIUM
2025-06-20T20:02:02.046961+02:00,20,4,2025-06-20,13,17,1,MEDIUM
2025-06-21T10:06:02.120708+02:00,10,5,2025-06-21,17,17,1,LOW
2025-06-21T09:59:01.915854+02:00,9,5,2025-06-21,17,17,1,LOW
2025-06-21T15:03:01.807351+02:00,15,5,2025-06-21,13,17,1,MEDIUM
2025-06-21T10:30:02.155716+02:00,10,5,2025-06-21,17,17,1,LOW
2025-06-21T13:59:02.096752+02:00,13,5,2025-06-21,10,17,1,MEDIUM
2025-06-23T15:16:02.024781+02:00,15,0,2025-06-23,17,17,1,LOW
2025-06-20T19:21:02.179538+02:00,19,4,2025-06-20,11,16,1,MEDIUM
2025-06-21T09:11:01.778488+02:00,9,5,2025-06-21,13,16,1,MEDIUM
2025-06-22T23:48:01.935760+02:00,23,6,2025-06-22,17,17,1,LOW
2025-06-21T17:44:01.234641+02:00,17,5,2025-06-21,9,16,1,MEDIUM
2025-06-21T12:04:01.901343+02:00,12,5,2025-06-21,13,17,1,MEDIUM
2025-06-21T12:43:02.196783+02:00,12,5,2025-06-21,17,17,1,LOW
2025-06-21T09:54:02.037214+02:00,9,5,2025-06-21,17,17,1,LOW
2025-06-21T09:26:01.735851+02:00,9,5,2025-06-21,17,17,1,LOW
2025-06-21T17:52:01.939690+02:00,17,5,2025-06-21,8,17,1,HIGH
2025-06-21T14:33:01.355000+02:00,14,5,2025-06-21,17,17,1,LOW
2025-06-20T23:25:01.779846+02:00,23,4,2025-06-20,17,17,1,LOW
2025-06-21T20:35:01.524207+02:00,20,5,2025-06-21,3,17,1,HIGH
2025-06-21T13:51:01.461368+02:00,13,5,2025-06-21,13,17,1,MEDIUM
2025-06-23T15:17:01.604095+02:00,15,0,2025-06-23,13,16,1,MEDIUM
2025-06-21T13:39:01.373422+02:00,13,5,2025-06-21,17,17,1,LOW
2025-06-20T23:04:02.515003+02:00,23,4,2025-06-20,13,16,1,MEDIUM
2025-06-21T12:28:02.024736+02:00,12,5,2025-06-21,13,17,1,MEDIUM
2025-06-21T15:46:01.570203+02:00,15,5,2025-06-21,17,17,1,LOW
2025-06-21T16:41:02.301960+02:00,16,5,2025-06-21,11,16,1,MEDIUM
2025-06-22T23:00:02.308500+02:00,23,6,2025-06-22,17,17,1,LOW
2025-06-22T22:28:02.272411+02:00,22,6,2025-06-22,17,17,1,LOW
2025-06-20T21:25:01.809097+02:00,21,4,2025-06-20,17,17,1,LOW
2025-06-21T16:45:01.732087+02:00,16,5,2025-06-21,11,17,1,MEDIUM
2025-06-21T19:40:02.120514+02:00,19,5,2025-06-21,4,18,1,HIGH
2025-06-20T21:22:02.255101+02:00,21,4,2025-06-20,13,17,1,MEDIUM
2025-06-21T15:48:01.740949+02:00,15,5,2025-06-21,14,17,1,MEDIUM
2025-06-23T13:30:02.493861+02:00,13,0,2025-06-23,11,16,1,MEDIUM
2025-06-22T23:08:01.922463+02:00,23,6,2025-06-22,17,17,1,LOW
2025-06-21T18:40:02.266671+02:00,18,5,2025-06-21,10,17,1,MEDIUM
2025-06-20T18:01:02.509679+02:00,18,4,2025-06-20,11,16,1,MEDIUM
2025-06-21T11:04:01.764517+02:00,11,5,2025-06-21,17,17,1,LOW
2025-06-21T09:51:01.423151+02:00,9,5,2025-06-21,17,17,1,LOW
2025-06-20T23:26:01.672920+02:00,23,4,2025-06-20,17,17,1,LOW
2025-06-21T20:17:02.300940+02:00,20,5,2025-06-21,2,19,1,HIGH
2025-06-21T15:43:01.842892+02:00,15,5,2025-06-21,17,17,1,LOW
2025-06-21T13:31:01.636363+02:00,13,5,2025-06-21,17,17,1,LOW
2025-06-20T20:56:02.221275+02:00,20,4,2025-06-20,17,17,1,LOW
2025-06-21T09:58:01.386579+02:00,9,5,2025-06-21,17,17,1,LOW
2025-06-21T11:50:01.609847+02:00,11,5,2025-06-21,11,16,1,MEDIUM
2025-06-20T23:06:01.756556+02:00,23,4,2025-06-20,13,17,1,MEDIUM
2025-06-20T18:11:02.169857+02:00,18,4,2025-06-20,17,17,1,LOW
2025-06-20T19:57:01.750029+02:00,19,4,2025-06-20,11,16,1,MEDIUM
2025-06-20T17:54:01.742799+02:00,17,4,2025-06-20,9,16,1,MEDIUM
2025-06-20T21:47:01.612489+02:00,21,4,2025-06-20,17,17,1,LOW
2025-06-23T14:22:01.851549+02:00,14,0,2025-06-23,17,17,1,LOW
2025-06-20T22:48:02.171349+02:00,22,4,2025-06-20,13,17,1,MEDIUM
2025-06-21T16:34:02.131841+02:00,16,5,2025-06-21,17,17,1,LOW
2025-06-23T13:14:02.709958+02:00,13,0,2025-06-23,11,17,1,MEDIUM
2025-06-21T11:15:02.062171+02:00,11,5,2025-06-21,17,17,1,LOW
2025-06-20T21:17:01.621130+02:00,21,4,2025-06-20,10,17,1,MEDIUM
2025-06-21T13:28:02.092853+02:00,13,5,2025-06-21,17,17,1,LOW
2025-06-21T19:56:02.189012+02:00,19,5,2025-06-21,3,18,1,HIGH
2025-06-21T15:08:01.720962+02:00,15,5,2025-06-21,13,16,1,MEDIUM
2025-06-21T13:11:02.037616+02:00,13,5,2025-06-21,17,17,1,LOW
2025-06-22T22:15:02.070819+02:00,22,6,2025-06-22,17,17,1,LOW
2025-06-21T09:25:02.221402+02:00,9,5,2025-06-21,17,17,1,LOW
2025-06-21T18:03:01.585987+02:00,18,5,2025-06-21,10,16,1,MEDIUM
2025-06-23T13:10:02.939166+02:00,13,0,2025-06-23,11,17,1,MEDIUM
2025-06-22T22:18:01.518550+02:00,22,6,2025-06-22,17,17,1,LOW
2025-06-20T19:35:01.788361+02:00,19,4,2025-06-20,17,17,1,LOW
2025-06-20T20:22:02.191421+02:00,20,4,2025-06-20,17,17,1,LOW
2025-06-20T22:38:01.648539+02:00,22,4,2025-06-20,17,17,1,LOW
2025-06-23T15:11:02.071241+02:00,15,0,2025-06-23,17,17,1,LOW
2025-06-23T13:32:02.353599+02:00,13,0,2025-06-23,11,16,1,MEDIUM
2025-06-21T15:55:02.189304+02:00,15,5,2025-06-21,13,17,1,MEDIUM
2025-06-21T18:18:01.317245+02:00,18,5,2025-06-21,10,17,1,MEDIUM
2025-06-20T17:57:01.939582+02:00,17,4,2025-06-20,17,17,1,LOW
2025-06-21T00:01:01.940891+02:00,0,5,2025-06-21,10,17,1,MEDIUM
2025-06-21T20:13:01.945461+02:00,20,5,2025-06-21,2,16,1,HIGH
2025-06-21T10:18:02.276279+02:00,10,5,2025-06-21,17,17,1,LOW
2025-06-21T13:49:02.247454+02:00,13,5,2025-06-21,13,17,1,MEDIUM
2025-06-20T21:42:02.358917+02:00,21,4,2025-06-20,17,17,1,LOW
2025-06-20T22:43:02.135066+02:00,22,4,2025-06-20,17,17,1,LOW
2025-06-23T13:25:01.946859+02:00,13,0,2025-06-23,13,17,1,MEDIUM
2025-06-20T20:04:01.887889+02:00,20,4,2025-06-20,17,17,1,LOW
2025-06-22T22:25:02.105607+02:00,22,6,2025-06-22,17,17,1,LOW
2025-06-20T22:13:02.300536+02:00,22,4,2025-06-20,17,17,1,LOW
2025-06-21T17:31:01.837077+02:00,17,5,2025-06-21,9,18,1,HIGH
2025-06-22T22:05:02.663645+02:00,22,6,2025-06-22,17,17,1,LOW
2025-06-21T16:30:01.763822+02:00,16,5,2025-06-21,11,16,1,MEDIUM
2025-06-21T00:17:02.155624+02:00,0,5,2025-06-21,17,17,1,LOW
2025-06-22T22:55:01.500497+02:00,22,6,2025-06-22,17,17,1,LOW
2025-06-21T19:55:01.686281+02:00,19,5,2025-06-21,8,18,1,HIGH
2025-06-21T20:25:01.870583+02:00,20,5,2025-06-21,2,17,1,HIGH
2025-06-21T19:28:01.438582+02:00,19,5,2025-06-21,3,16,1,HIGH
2025-06-21T16:29:02.153309+02:00,16,5,2025-06-21,13,16,1,MEDIUM
2025-06-20T21:00:02.531457+02:00,21,4,2025-06-20,17,17,1,LOW
2025-06-21T18:20:01.447018+02:00,18,5,2025-06-21,10,17,1,MEDIUM
2025-06-21T19:19:01.404804+02:00,19,5,2025-06-21,3,14,1,HIGH
2025-06-21T12:44:01.783077+02:00,12,5,2025-06-21,17,17,1,LOW
2025-06-21T12:38:01.531224+02:00,12,5,2025-06-21,17,17,1,LOW
2025-06-21T15:44:01.394247+02:00,15,5,2025-06-21,17,17,1,LOW
2025-06-22T23:06:01.915302+02:00,23,6,2025-06-22,17,17,1,LOW
2025-06-21T10:01:02.060618+02:00,10,5,2025-06-21,17,17,1,LOW
2025-06-20T18:09:02.263004+02:00,18,4,2025-06-20,17,17,1,LOW
2025-06-21T16:40:01.623491+02:00,16,5,2025-06-21,11,16,1,MEDIUM
2025-06-21T17:40:02.694887+02:00,17,5,2025-06-21,2,15,1,HIGH
2025-06-22T22:39:01.772168+02:00,22,6,2025-06-22,17,17,1,LOW
2025-06-21T19:33:01.408723+02:00,19,5,2025-06-21,3,15,1,HIGH
2025-06-23T14:12:02.130468+02:00,14,0,2025-06-23,9,16,1,MEDIUM
2025-06-21T20:33:01.358935+02:00,20,5,2025-06-21,3,18,1,HIGH
2025-06-23T14:44:02.226442+02:00,14,0,2025-06-23,11,16,1,MEDIUM
2025-06-21T16:01:01.809253+02:00,16,5,2025-06-21,17,17,1,LOW
2025-06-20T19:17:02.493728+02:00,19,4,2025-06-20,17,17,1,LOW
2025-06-20T20:07:01.988929+02:00,20,4,2025-06-20,11,16,1,MEDIUM
2025-06-21T16:59:01.688598+02:00,16,5,2025-06-21,11,16,1,MEDIUM
2025-06-20T18:20:02.199210+02:00,18,4,2025-06-20,10,17,1,MEDIUM
2025-06-20T20:13:02.348001+02:00,20,4,2025-06-20,17,17,1,LOW
2025-06-21T12:58:02.268866+02:00,12,5,2025-06-21,17,17,1,LOW
2025-06-21T19:29:02.022560+02:00,19,5,2025-06-21,3,16,1,HIGH
2025-06-21T20:52:01.360730+02:00,20,5,2025-06-21,5,16,1,HIGH
2025-06-21T10:05:01.508173+02:00,10,5,2025-06-21,14,17,1,MEDIUM
2025-06-20T22:27:02.376061+02:00,22,4,2025-06-20,17,17,1,LOW
2025-06-21T14:05:01.713416+02:00,14,5,2025-06-21,11,16,1,MEDIUM
2025-06-21T17:16:01.374682+02:00,17,5,2025-06-21,13,17,1,MEDIUM
2025-06-20T23:22:02.255524+02:00,23,4,2025-06-20,10,17,1,MEDIUM
2025-06-21T15:45:01.987741+02:00,15,5,2025-06-21,17,17,1,LOW
2025-06-21T11:39:02.013083+02:00,11,5,2025-06-21,17,17,1,LOW
2025-06-23T13:44:01.615612+02:00,13,0,2025-06-23,17,17,1,LOW
2025-06-21T12:52:01.503890+02:00,12,5,2025-06-21,13,16,1,MEDIUM
2025-06-21T10:22:01.661439+02:00,10,5,2025-06-21,17,17,1,LOW
2025-06-20T21:44:02.024159+02:00,21,4,2025-06-20,13,16,1,MEDIUM
2025-06-21T14:51:01.880183+02:00,14,5,2025-06-21,17,17,1,LOW
2025-06-23T13:50:02.342172+02:00,13,0,2025-06-23,17,17,1,LOW
2025-06-21T11:46:01.304143+02:00,11,5,2025-06-21,13,17,1,MEDIUM
2025-06-21T09:40:02.198741+02:00,9,5,2025-06-21,17,17,1,LOW
2025-06-21T20:06:01.995552+02:00,20,5,2025-06-21,2,16,1,HIGH
2025-06-20T20:47:01.876095+02:00,20,4,2025-06-20,17,17,1,LOW
2025-06-21T11:38:01.427238+02:00,11,5,2025-06-21,17,17,1,LOW
2025-06-21T12:26:02.051498+02:00,12,5,2025-06-21,13,16,1,MEDIUM
2025-06-20T19:37:01.615719+02:00,19,4,2025-06-20,17,17,1,LOW
2025-06-20T20:03:01.957204+02:00,20,4,2025-06-20,11,16,1,MEDIUM
2025-06-21T13:12:01.636684+02:00,13,5,2025-06-21,17,17,1,LOW
2025-06-20T21:39:01.699500+02:00,21,4,2025-06-20,17,17,1,LOW
2025-06-21T20:29:02.190923+02:00,20,5,2025-06-21,2,20,1,HIGH
2025-06-21T16:15:01.672471+02:00,16,5,2025-06-21,10,17,1,MEDIUM
2025-06-21T18:46:01.912322+02:00,18,5,2025-06-21,8,16,1,HIGH
2025-06-20T22:12:02.611927+02:00,22,4,2025-06-20,17,17,1,LOW
2025-06-21T13:05:01.681192+02:00,13,5,2025-06-21,17,17,1,LOW
2025-06-22T22:43:01.773195+02:00,22,6,2025-06-22,17,17,1,LOW
2025-06-23T14:49:01.805081+02:00,14,0,2025-06-23,11,16,1,MEDIUM
2025-06-23T14:21:02.164380+02:00,14,0,2025-06-23,17,17,1,LOW
2025-06-21T09:55:01.606351+02:00,9,5,2025-06-21,17,17,1,LOW
2025-06-20T17:41:02.540172+02:00,17,4,2025-06-20,5,17,1,HIGH
2025-06-21T15:58:01.963352+02:00,15,5,2025-06-21,17,17,1,LOW
2025-06-21T18:15:01.539333+02:00,18,5,2025-06-21,13,17,1,MEDIUM
2025-06-20T23:20:02.286765+02:00,23,4,2025-06-20,11,16,1,MEDIUM
2025-06-23T13:24:02.250452+02:00,13,0,2025-06-23,17,17,1,LOW
2025-06-20T20:38:02.100527+02:00,20,4,2025-06-20,17,17,1,LOW
2025-06-21T12:59:01.907513+02:00,12,5,2025-06-21,17,17,1,LOW
2025-06-21T15:30:01.238738+02:00,15,5,2025-06-21,11,17,1,MEDIUM
2025-06-21T10:42:01.332929+02:00,10,5,2025-06-21,13,17,1,MEDIUM
2025-06-21T17:03:01.831382+02:00,17,5,2025-06-21,11,16,1,MEDIUM
2025-06-20T23:31:01.972684+02:00,23,4,2025-06-20,17,17,1,LOW
2025-06-23T14:36:01.786948+02:00,14,0,2025-06-23,11,17,1,MEDIUM
2025-06-23T14:52:02.064812+02:00,14,0,2025-06-23,11,17,1,MEDIUM
2025-06-20T23:43:02.444058+02:00,23,4,2025-06-20,17,17,1,LOW
2025-06-21T18:28:02.081148+02:00,18,5,2025-06-21,10,17,1,MEDIUM
2025-06-21T16:16:02.302150+02:00,16,5,2025-06-21,10,17,1,MEDIUM
2025-06-20T21:28:02.275863+02:00,21,4,2025-06-20,17,17,1,LOW
2025-06-23T13:43:01.948755+02:00,13,0,2025-06-23,17,17,1,LOW
2025-06-20T20:59:01.653299+02:00,20,4,2025-06-20,17,17,1,LOW
2025-06-20T18:56:02.019028+02:00,18,4,2025-06-20,17,17,1,LOW
2025-06-21T16:06:01.690071+02:00,16,5,2025-06-21,11,16,1,MEDIUM
2025-06-21T20:49:01.618749+02:00,20,5,2025-06-21,3,16,1,HIGH
2025-06-23T14:48:02.131428+02:00,14,0,2025-06-23,11,16,1,MEDIUM
2025-06-21T16:46:01.349768+02:00,16,5,2025-06-21,11,16,1,MEDIUM
2025-06-20T21:32:01.707179+02:00,21,4,2025-06-20,11,16,1,MEDIUM
2025-06-21T13:55:01.772563+02:00,13,5,2025-06-21,13,17,1,MEDIUM
2025-06-20T22:40:02.442241+02:00,22,4,2025-06-20,17,17,1,LOW
2025-06-21T18:06:01.284052+02:00,18,5,2025-06-21,10,18,1,MEDIUM
2025-06-21T15:04:01.402126+02:00,15,5,2025-06-21,13,17,1,MEDIUM
2025-06-20T22:54:01.756720+02:00,22,4,2025-06-20,17,17,1,LOW
2025-06-20T20:24:01.773123+02:00,20,4,2025-06-20,17,17,1,LOW
2025-06-21T20:03:02.198360+02:00,20,5,2025-06-21,2,19,1,HIGH
2025-06-23T14:08:02.076711+02:00,14,0,2025-06-23,17,17,1,LOW
2025-06-22T22:47:01.799449+02:00,22,6,2025-06-22,17,17,1,LOW
2025-06-21T00:04:01.724350+02:00,0,5,2025-06-21,17,17,1,LOW
2025-06-22T22:23:02.667013+02:00,22,6,2025-06-22,17,17,1,LOW
2025-06-20T21:51:02.118835+02:00,21,4,2025-06-20,17,17,1,LOW
2025-06-22T22:50:01.897793+02:00,22,6,2025-06-22,17,17,1,LOW
2025-06-20T20:31:01.837327+02:00,20,4,2025-06-20,17,17,1,LOW
2025-06-21T14:26:01.218241+02:00,14,5,2025-06-21,11,17,1,MEDIUM
2025-06-21T13:15:01.399839+02:00,13,5,2025-06-21,17,17,1,LOW
2025-06-20T19:47:02.151283+02:00,19,4,2025-06-20,17,17,1,LOW
2025-06-22T23:51:02.220679+02:00,23,6,2025-06-22,17,17,1,LOW
2025-06-22T23:02:01.818661+02:00,23,6,2025-06-22,17,17,1,LOW
2025-06-21T10:27:01.545276+02:00,10,5,2025-06-21,17,17,1,LOW
2025-06-20T18:18:01.948364+02:00,18,4,2025-06-20,10,16,1,MEDIUM
2025-06-21T09:46:01.716009+02:00,9,5,2025-06-21,13,17,1,MEDIUM
2025-06-22T22:40:01.551119+02:00,22,6,2025-06-22,17,17,1,LOW
2025-06-23T14:46:01.474089+02:00,14,0,2025-06-23,11,16,1,MEDIUM
2025-06-21T13:54:02.191343+02:00,13,5,2025-06-21,11,16,1,MEDIUM
2025-06-23T13:37:02.258135+02:00,13,0,2025-06-23,17,17,1,LOW
2025-06-21T16:28:01.560291+02:00,16,5,2025-06-21,17,17,1,LOW
2025-06-20T20:41:02.508166+02:00,20,4,2025-06-20,17,17,1,LOW
2025-06-21T15:56:01.770703+02:00,15,5,2025-06-21,13,16,1,MEDIUM
2025-06-20T18:46:01.932444+02:00,18,4,2025-06-20,10,16,1,MEDIUM
2025-06-21T12:06:02.165431+02:00,12,5,2025-06-21,11,16,1,MEDIUM
2025-06-21T12:41:01.964783+02:00,12,5,2025-06-21,14,17,1,MEDIUM
2025-06-20T18:21:02.467065+02:00,18,4,2025-06-20,8,16,1,HIGH
2025-06-21T09:42:01.345731+02:00,9,5,2025-06-21,13,16,1,MEDIUM
2025-06-20T22:24:01.889701+02:00,22,4,2025-06-20,14,17,1,MEDIUM
2025-06-21T15:27:01.728711+02:00,15,5,2025-06-21,10,17,1,MEDIUM
2025-06-20T21:02:02.340409+02:00,21,4,2025-06-20,17,17,1,LOW
2025-06-21T16:48:01.488474+02:00,16,5,2025-06-21,11,17,1,MEDIUM
2025-06-21T10:28:02.137131+02:00,10,5,2025-06-21,17,17,1,LOW
2025-06-21T20:15:02.072962+02:00,20,5,2025-06-21,2,17,1,HIGH
2025-06-20T22:05:02.493583+02:00,22,4,2025-06-20,17,17,1,LOW
2025-06-21T12:57:01.656337+02:00,12,5,2025-06-21,17,17,1,LOW
2025-06-20T22:19:01.580729+02:00,22,4,2025-06-20,13,16,1,MEDIUM
2025-06-23T15:02:02.172660+02:00,15,0,2025-06-23,17,17,1,LOW
2025-06-21T15:53:01.273325+02:00,15,5,2025-06-21,17,17,1,LOW
2025-06-21T17:25:01.307309+02:00,17,5,2025-06-21,13,17,1,MEDIUM
2025-06-21T18:56:01.767074+02:00,18,5,2025-06-21,7,16,1,HIGH
2025-06-20T23:49:02.188727+02:00,23,4,2025-06-20,17,17,1,LOW
2025-06-21T09:18:01.556331+02:00,9,5,2025-06-21,17,17,1,LOW
2025-06-22T23:13:02.365964+02:00,23,6,2025-06-22,17,17,1,LOW
2025-06-21T16:33:01.497660+02:00,16,5,2025-06-21,17,17,1,LOW
2025-06-20T21:48:02.444605+02:00,21,4,2025-06-20,17,17,1,LOW
2025-06-21T11:34:02.116456+02:00,11,5,2025-06-21,17,17,1,LOW
2025-06-21T17:38:01.766430+02:00,17,5,2025-06-21,9,18,1,HIGH
2025-06-20T22:04:02.519650+02:00,22,4,2025-06-20,17,17,1,LOW
2025-06-22T23:31:01.421215+02:00,23,6,2025-06-22,17,17,1,LOW
2025-06-21T16:10:01.922831+02:00,16,5,2025-06-21,11,17,1,MEDIUM
2025-06-20T18:43:02.608086+02:00,18,4,2025-06-20,9,18,1,HIGH
2025-06-20T23:13:02.364147+02:00,23,4,2025-06-20,13,17,1,MEDIUM
2025-06-20T20:40:01.580895+02:00,20,4,2025-06-20,11,16,1,MEDIUM
2025-06-21T19:11:01.980661+02:00,19,5,2025-06-21,5,18,1,HIGH
2025-06-20T18:40:01.676518+02:00,18,4,2025-06-20,7,18,1,HIGH
2025-06-20T21:21:02.321353+02:00,21,4,2025-06-20,13,17,1,MEDIUM
2025-06-20T20:14:02.091684+02:00,20,4,2025-06-20,17,17,1,LOW
2025-06-21T09:35:02.124740+02:00,9,5,2025-06-21,17,17,1,LOW
2025-06-21T20:30:01.778279+02:00,20,5,2025-06-21,2,20,1,HIGH
2025-06-21T18:04:02.169732+02:00,18,5,2025-06-21,10,16,1,MEDIUM
2025-06-21T17:20:01.554801+02:00,17,5,2025-06-21,13,16,1,MEDIUM
2025-06-21T13:50:01.788610+02:00,13,5,2025-06-21,14,17,1,MEDIUM
2025-06-21T16:54:01.801883+02:00,16,5,2025-06-21,10,16,1,MEDIUM
2025-06-23T15:04:01.275255+02:00,15,0,2025-06-23,17,17,1,LOW
2025-06-23T14:59:02.365968+02:00,14,0,2025-06-23,11,16,1,MEDIUM
2025-06-21T14:12:01.370600+02:00,14,5,2025-06-21,10,17,1,MEDIUM
2025-06-22T23:47:02.110595+02:00,23,6,2025-06-22,17,17,1,LOW
2025-06-21T09:15:01.765206+02:00,9,5,2025-06-21,17,17,1,LOW
2025-06-21T00:08:02.192835+02:00,0,5,2025-06-21,17,17,1,LOW
2025-06-20T18:02:01.642647+02:00,18,4,2025-06-20,17,17,1,LOW
2025-06-21T13:48:01.633221+02:00,13,5,2025-06-21,11,17,1,MEDIUM
2025-06-20T20:12:02.438843+02:00,20,4,2025-06-20,17,17,1,LOW
2025-06-21T12:15:02.068733+02:00,12,5,2025-06-21,11,16,1,MEDIUM
2025-06-21T13:19:01.806942+02:00,13,5,2025-06-21,17,17,1,LOW
2025-06-21T14:32:01.749630+02:00,14,5,2025-06-21,14,17,1,MEDIUM
2025-06-20T23:32:02.317252+02:00,23,4,2025-06-20,17,17,1,LOW
2025-06-20T22:58:02.309636+02:00,22,4,2025-06-20,17,17,1,LOW
2025-06-21T19:23:01.574211+02:00,19,5,2025-06-21,3,15,1,HIGH
2025-06-20T18:04:01.629952+02:00,18,4,2025-06-20,17,17,1,LOW
2025-06-20T19:48:01.978853+02:00,19,4,2025-06-20,17,17,1,LOW
2025-06-21T19:24:02.178049+02:00,19,5,2025-06-21,4,16,1,HIGH
2025-06-20T18:32:02.485411+02:00,18,4,2025-06-20,8,18,1,HIGH
2025-06-20T21:11:01.660019+02:00,21,4,2025-06-20,13,16,1,MEDIUM
2025-06-20T19:02:02.105481+02:00,19,4,2025-06-20,17,17,1,LOW
2025-06-21T19:10:01.357224+02:00,19,5,2025-06-21,4,17,1,HIGH
2025-06-23T14:58:02.275032+02:00,14,0,2025-06-23,11,17,1,MEDIUM
2025-06-21T10:45:01.862626+02:00,10,5,2025-06-21,13,16,1,MEDIUM
2025-06-21T10:17:01.468446+02:00,10,5,2025-06-21,17,17,1,LOW
2025-06-22T22:41:02.286911+02:00,22,6,2025-06-22,17,17,1,LOW
2025-06-21T09:50:01.928595+02:00,9,5,2025-06-21,17,17,1,LOW
2025-06-21T19:54:01.225911+02:00,19,5,2025-06-21,3,16,1,HIGH
2025-06-23T14:56:01.656107+02:00,14,0,2025-06-23,11,17,1,MEDIUM
2025-06-20T18:54:02.496332+02:00,18,4,2025-06-20,13,17,1,MEDIUM
2025-06-22T23:38:02.297955+02:00,23,6,2025-06-22,17,17,1,LOW
2025-06-21T14:44:01.738863+02:00,14,5,2025-06-21,13,16,1,MEDIUM
2025-06-23T14:40:01.250968+02:00,14,0,2025-06-23,13,16,1,MEDIUM
2025-06-21T19:38:02.082578+02:00,19,5,2025-06-21,4,16,1,HIGH
2025-06-21T10:34:01.404047+02:00,10,5,2025-06-21,11,16,1,MEDIUM
2025-06-21T00:20:02.510824+02:00,0,5,2025-06-21,17,17,1,LOW
2025-06-20T21:06:01.934000+02:00,21,4,2025-06-20,17,17,1,LOW
2025-06-21T00:13:02.328028+02:00,0,5,2025-06-21,17,17,1,LOW
2025-06-20T22:06:01.759757+02:00,22,4,2025-06-20,17,17,1,LOW
2025-06-21T18:19:01.907154+02:00,18,5,2025-06-21,10,16,1,MEDIUM
2025-06-21T09:43:01.970137+02:00,9,5,2025-06-21,13,16,1,MEDIUM
2025-06-23T14:51:01.920779+02:00,14,0,2025-06-23,10,16,1,MEDIUM
2025-06-21T14:52:01.455892+02:00,14,5,2025-06-21,14,17,1,MEDIUM
2025-06-21T13:26:02.004758+02:00,13,5,2025-06-21,13,16,1,MEDIUM
2025-06-20T23:03:02.521224+02:00,23,4,2025-06-20,11,16,1,MEDIUM
2025-06-21T20:19:01.436016+02:00,20,5,2025-06-21,2,15,1,HIGH
2025-06-21T20:10:02.208260+02:00,20,5,2025-06-21,2,16,1,HIGH
2025-06-21T12:48:02.232225+02:00,12,5,2025-06-21,17,17,1,LOW
2025-06-20T19:32:02.132263+02:00,19,4,2025-06-20,17,17,1,LOW
2025-06-21T20:12:01.344466+02:00,20,5,2025-06-21,2,16,1,HIGH
2025-06-21T20:55:01.998454+02:00,20,5,2025-06-21,8,17,1,HIGH
2025-06-20T23:50:02.005541+02:00,23,4,2025-06-20,17,17,1,LOW
2025-06-21T11:14:01.497149+02:00,11,5,2025-06-21,17,17,1,LOW
2025-06-21T11:44:02.160932+02:00,11,5,2025-06-21,13,16,1,MEDIUM
2025-06-21T13:17:01.704858+02:00,13,5,2025-06-21,17,17,1,LOW
2025-06-20T22:52:02.608715+02:00,22,4,2025-06-20,17,17,1,LOW
2025-06-20T23:28:02.638812+02:00,23,4,2025-06-20,13,17,1,MEDIUM
2025-06-21T09:12:02.245839+02:00,9,5,2025-06-21,13,16,1,MEDIUM
2025-06-20T22:03:02.423929+02:00,22,4,2025-06-20,17,17,1,LOW
2025-06-21T17:42:02.129157+02:00,17,5,2025-06-21,3,17,1,HIGH
2025-06-20T19:50:01.696324+02:00,19,4,2025-06-20,17,17,1,LOW
2025-06-21T20:42:01.507318+02:00,20,5,2025-06-21,4,17,1,HIGH
2025-06-20T19:20:02.362097+02:00,19,4,2025-06-20,11,16,1,MEDIUM
2025-06-23T14:57:02.365753+02:00,14,0,2025-06-23,10,17,1,MEDIUM
2025-06-21T20:01:01.974655+02:00,20,5,2025-06-21,2,20,1,HIGH
2025-06-20T19:14:01.760830+02:00,19,4,2025-06-20,17,17,1,LOW
2025-06-22T23:32:02.062216+02:00,23,6,2025-06-22,17,17,1,LOW
2025-06-21T13:47:02.132503+02:00,13,5,2025-06-21,11,16,1,MEDIUM
2025-06-23T13:57:01.551355+02:00,13,0,2025-06-23,17,17,1,LOW
2025-06-22T22:57:01.976328+02:00,22,6,2025-06-22,17,17,1,LOW
2025-06-22T22:56:02.251543+02:00,22,6,2025-06-22,17,17,1,LOW
2025-06-21T19:13:02.182375+02:00,19,5,2025-06-21,5,15,1,HIGH
2025-06-21T12:53:02.112363+02:00,12,5,2025-06-21,13,16,1,MEDIUM
2025-06-22T23:50:01.458220+02:00,23,6,2025-06-22,17,17,1,LOW
2025-06-21T12:49:01.731895+02:00,12,5,2025-06-21,13,17,1,MEDIUM
2025-06-21T10:55:01.534382+02:00,10,5,2025-06-21,13,16,1,MEDIUM
2025-06-20T23:52:01.924196+02:00,23,4,2025-06-20,17,17,1,LOW
2025-06-23T13:34:02.151298+02:00,13,0,2025-06-23,17,17,1,LOW
2025-06-21T17:04:01.413345+02:00,17,5,2025-06-21,10,17,1,MEDIUM
2025-06-21T18:32:01.286776+02:00,18,5,2025-06-21,17,17,1,LOW
2025-06-21T13:30:02.113739+02:00,13,5,2025-06-21,17,17,1,LOW
2025-06-21T11:09:01.437389+02:00,11,5,2025-06-21,13,16,1,MEDIUM
2025-06-21T12:09:01.874472+02:00,12,5,2025-06-21,11,16,1,MEDIUM
2025-06-21T10:33:01.863656+02:00,10,5,2025-06-21,11,17,1,MEDIUM
2025-06-21T15:25:01.636946+02:00,15,5,2025-06-21,11,17,1,MEDIUM
2025-06-21T11:52:01.843139+02:00,11,5,2025-06-21,17,17,1,LOW
2025-06-23T14:53:01.818272+02:00,14,0,2025-06-23,11,17,1,MEDIUM
2025-06-23T13:47:01.499714+02:00,13,0,2025-06-23,17,17,1,LOW
2025-06-21T12:00:01.577762+02:00,12,5,2025-06-21,17,17,1,LOW
2025-06-20T20:09:01.719826+02:00,20,4,2025-06-20,13,16,1,MEDIUM
2025-06-21T17:29:01.712953+02:00,17,5,2025-06-21,10,17,1,MEDIUM
2025-06-21T14:45:01.333849+02:00,14,5,2025-06-21,11,16,1,MEDIUM
2025-06-21T16:36:01.409981+02:00,16,5,2025-06-21,11,16,1,MEDIUM
2025-06-20T22:56:02.051217+02:00,22,4,2025-06-20,17,17,1,LOW
2025-06-20T23:15:02.370683+02:00,23,4,2025-06-20,17,17,1,LOW
2025-06-20T19:12:01.810135+02:00,19,4,2025-06-20,17,17,1,LOW
2025-06-21T17:15:01.763389+02:00,17,5,2025-06-21,11,17,1,MEDIUM
2025-06-21T14:25:01.738922+02:00,14,5,2025-06-21,11,17,1,MEDIUM
2025-06-20T18:13:02.128430+02:00,18,4,2025-06-20,17,17,1,LOW
2025-06-20T21:37:02.102100+02:00,21,4,2025-06-20,17,17,1,LOW
2025-06-20T21:40:01.555518+02:00,21,4,2025-06-20,17,17,1,LOW
2025-06-21T10:41:01.814084+02:00,10,5,2025-06-21,17,17,1,LOW
2025-06-21T18:11:02.181988+02:00,18,5,2025-06-21,10,17,1,MEDIUM
2025-06-21T17:33:02.045256+02:00,17,5,2025-06-21,10,17,1,MEDIUM
2025-06-21T17:50:01.845629+02:00,17,5,2025-06-21,6,17,1,HIGH
2025-06-20T20:46:02.061243+02:00,20,4,2025-06-20,17,17,1,LOW
2025-06-23T13:13:02.517449+02:00,13,0,2025-06-23,11,17,1,MEDIUM
2025-06-21T20:41:01.941755+02:00,20,5,2025-06-21,3,18,1,HIGH
2025-06-21T13:03:01.475834+02:00,13,5,2025-06-21,17,17,1,LOW
2025-06-21T10:44:01.364214+02:00,10,5,2025-06-21,13,17,1,MEDIUM
2025-06-20T19:42:01.765065+02:00,19,4,2025-06-20,11,16,1,MEDIUM
2025-06-20T22:32:02.493578+02:00,22,4,2025-06-20,11,17,1,MEDIUM
2025-06-21T18:44:01.781910+02:00,18,5,2025-06-21,8,18,1,HIGH
2025-06-21T15:41:01.782565+02:00,15,5,2025-06-21,13,16,1,MEDIUM
2025-06-21T17:13:01.552389+02:00,17,5,2025-06-21,11,16,1,MEDIUM
2025-06-21T10:09:01.748793+02:00,10,5,2025-06-21,17,17,1,LOW
2025-06-21T10:54:02.092746+02:00,10,5,2025-06-21,17,17,1,LOW
2025-06-21T15:02:02.205176+02:00,15,5,2025-06-21,11,16,1,MEDIUM
2025-06-21T11:56:02.186759+02:00,11,5,2025-06-21,17,17,1,LOW
2025-06-21T18:53:01.973550+02:00,18,5,2025-06-21,8,16,1,HIGH
2025-06-21T15:17:01.927279+02:00,15,5,2025-06-21,13,16,1,MEDIUM
2025-06-23T13:55:01.995619+02:00,13,0,2025-06-23,17,17,1,LOW
2025-06-21T15:49:01.204020+02:00,15,5,2025-06-21,17,17,1,LOW
2025-06-20T23:16:02.219593+02:00,23,4,2025-06-20,13,17,1,MEDIUM
2025-06-21T14:22:01.966327+02:00,14,5,2025-06-21,13,17,1,MEDIUM
2025-06-21T16:57:01.586992+02:00,16,5,2025-06-21,10,16,1,MEDIUM
2025-06-20T22:36:01.982868+02:00,22,4,2025-06-20,14,17,1,MEDIUM
2025-06-20T20:28:02.082330+02:00,20,4,2025-06-20,17,17,1,LOW
2025-06-21T14:31:02.150581+02:00,14,5,2025-06-21,13,17,1,MEDIUM
2025-06-21T19:00:02.063208+02:00,19,5,2025-06-21,5,17,1,HIGH
2025-06-23T13:28:01.728227+02:00,13,0,2025-06-23,11,16,1,MEDIUM
2025-06-21T18:27:01.500924+02:00,18,5,2025-06-21,10,17,1,MEDIUM
2025-06-23T13:15:01.894470+02:00,13,0,2025-06-23,11,17,1,MEDIUM
2025-06-21T18:17:01.746215+02:00,18,5,2025-06-21,11,16,1,MEDIUM
2025-06-20T17:58:01.738945+02:00,17,4,2025-06-20,17,17,1,LOW
2025-06-20T17:50:02.616141+02:00,17,4,2025-06-20,5,18,1,HIGH
2025-06-21T11:49:01.962176+02:00,11,5,2025-06-21,11,16,1,MEDIUM
2025-06-22T23:24:01.553727+02:00,23,6,2025-06-22,17,17,1,LOW
2025-06-20T21:46:01.726958+02:00,21,4,2025-06-20,17,17,1,LOW
2025-06-21T00:02:01.937614+02:00,0,5,2025-06-21,11,16,1,MEDIUM
2025-06-21T20:43:02.094902+02:00,20,5,2025-06-21,3,16,1,HIGH
2025-06-21T16:39:02.071579+02:00,16,5,2025-06-21,17,17,1,LOW
2025-06-22T23:40:01.970389+02:00,23,6,2025-06-22,17,17,1,LOW
2025-06-21T19:30:01.600646+02:00,19,5,2025-06-21,3,17,1,HIGH
2025-06-21T16:32:01.900172+02:00,16,5,2025-06-21,17,17,1,LOW
2025-06-22T23:19:01.844211+02:00,23,6,2025-06-22,17,17,1,LOW
2025-06-21T18:55:02.167797+02:00,18,5,2025-06-21,9,18,1,HIGH
2025-06-21T10:58:02.271990+02:00,10,5,2025-06-21,11,16,1,MEDIUM
2025-06-21T17:17:01.941098+02:00,17,5,2025-06-21,11,16,1,MEDIUM
2025-06-21T16:00:02.168396+02:00,16,5,2025-06-21,17,17,1,LOW
2025-06-21T19:37:01.580053+02:00,19,5,2025-06-21,4,16,1,HIGH
2025-06-21T00:21:02.267464+02:00,0,5,2025-06-21,17,17,1,LOW
2025-06-21T11:19:01.374570+02:00,11,5,2025-06-21,17,17,1,LOW
2025-06-20T23:21:02.386797+02:00,23,4,2025-06-20,11,16,1,MEDIUM
2025-06-21T14:04:01.998776+02:00,14,5,2025-06-21,11,16,1,MEDIUM
2025-06-21T00:14:02.353719+02:00,0,5,2025-06-21,17,17,1,LOW
2025-06-20T20:54:02.556567+02:00,20,4,2025-06-20,17,17,1,LOW
2025-06-21T15:28:01.227961+02:00,15,5,2025-06-21,11,16,1,MEDIUM
2025-06-21T09:44:01.528524+02:00,9,5,2025-06-21,11,16,1,MEDIUM
2025-06-21T16:35:01.816450+02:00,16,5,2025-06-21,17,17,1,LOW
2025-06-23T14:30:01.577507+02:00,14,0,2025-06-23,7,16,1,HIGH
2025-06-20T21:50:02.244160+02:00,21,4,2025-06-20,17,17,1,LOW
2025-06-20T18:44:02.539794+02:00,18,4,2025-06-20,10,17,1,MEDIUM
2025-06-23T15:10:01.460733+02:00,15,0,2025-06-23,17,17,1,LOW
2025-06-21T18:35:02.126525+02:00,18,5,2025-06-21,17,17,1,LOW
2025-06-23T14:54:01.668135+02:00,14,0,2025-06-23,10,16,1,MEDIUM
2025-06-21T12:19:01.324918+02:00,12,5,2025-06-21,10,17,1,MEDIUM
2025-06-21T18:57:01.335977+02:00,18,5,2025-06-21,8,18,1,HIGH
2025-06-21T16:18:01.478986+02:00,16,5,2025-06-21,13,17,1,MEDIUM
2025-06-21T19:46:01.784297+02:00,19,5,2025-06-21,3,19,1,HIGH
2025-06-21T15:19:02.095912+02:00,15,5,2025-06-21,11,16,1,MEDIUM
2025-06-20T23:57:02.263822+02:00,23,4,2025-06-20,11,16,1,MEDIUM
2025-06-22T22:54:01.858962+02:00,22,6,2025-06-22,17,17,1,LOW
2025-06-23T15:12:01.802063+02:00,15,0,2025-06-23,17,17,1,LOW
2025-06-21T10:23:02.248677+02:00,10,5,2025-06-21,17,17,1,LOW
2025-06-20T19:28:01.790379+02:00,19,4,2025-06-20,17,17,1,LOW
2025-06-20T21:30:02.021962+02:00,21,4,2025-06-20,17,17,1,LOW
2025-06-21T10:49:02.095836+02:00,10,5,2025-06-21,14,17,1,MEDIUM
2025-06-22T22:12:02.379827+02:00,22,6,2025-06-22,17,17,1,LOW
2025-06-20T23:07:01.748933+02:00,23,4,2025-06-20,11,16,1,MEDIUM
2025-06-21T16:58:02.178894+02:00,16,5,2025-06-21,10,16,1,MEDIUM
2025-06-21T17:07:01.955454+02:00,17,5,2025-06-21,11,16,1,MEDIUM
2025-06-21T09:14:01.284410+02:00,9,5,2025-06-21,17,17,1,LOW
2025-06-21T19:48:01.989891+02:00,19,5,2025-06-21,2,17,1,HIGH
2025-06-21T14:57:01.399719+02:00,14,5,2025-06-21,13,16,1,MEDIUM
2025-06-21T12:25:01.524758+02:00,12,5,2025-06-21,13,17,1,MEDIUM
2025-06-21T14:48:02.057680+02:00,14,5,2025-06-21,13,16,1,MEDIUM
2025-06-20T22:53:01.842152+02:00,22,4,2025-06-20,17,17,1,LOW
2025-06-21T15:14:02.145460+02:00,15,5,2025-06-21,11,17,1,MEDIUM
2025-06-21T10:31:01.868570+02:00,10,5,2025-06-21,17,17,1,LOW
2025-06-22T22:00:02.674223+02:00,22,6,2025-06-22,17,17,1,LOW
2025-06-21T20:00:01.371546+02:00,20,5,2025-06-21,2,18,1,HIGH
2025-06-20T20:06:02.069642+02:00,20,4,2025-06-20,13,17,1,MEDIUM
2025-06-21T19:31:02.198617+02:00,19,5,2025-06-21,3,17,1,HIGH
2025-06-22T23:15:01.835177+02:00,23,6,2025-06-22,17,17,1,LOW
2025-06-21T15:20:01.712647+02:00,15,5,2025-06-21,11,16,1,MEDIUM
2025-06-20T21:08:01.584789+02:00,21,4,2025-06-20,17,17,1,LOW
2025-06-23T14:39:01.741056+02:00,14,0,2025-06-23,17,17,1,LOW
2025-06-21T00:09:02.197717+02:00,0,5,2025-06-21,17,17,1,LOW
2025-06-21T12:50:01.313459+02:00,12,5,2025-06-21,11,16,1,MEDIUM
2025-06-21T15:16:02.322599+02:00,15,5,2025-06-21,11,16,1,MEDIUM
2025-06-21T20:54:01.421941+02:00,20,5,2025-06-21,7,17,1,HIGH
2025-06-21T14:20:01.973264+02:00,14,5,2025-06-21,13,16,1,MEDIUM
2025-06-23T13:27:01.912862+02:00,13,0,2025-06-23,13,17,1,MEDIUM
2025-06-22T23:01:02.042271+02:00,23,6,2025-06-22,17,17,1,LOW
2025-06-21T15:21:01.291380+02:00,15,5,2025-06-21,11,16,1,MEDIUM
2025-06-20T23:00:02.569780+02:00,23,4,2025-06-20,17,17,1,LOW
2025-06-22T22:21:01.690618+02:00,22,6,2025-06-22,17,17,1,LOW
2025-06-20T20:43:01.472043+02:00,20,4,2025-06-20,17,17,1,LOW
2025-06-21T12:45:01.402991+02:00,12,5,2025-06-21,14,17,1,MEDIUM
2025-06-20T23:12:02.105545+02:00,23,4,2025-06-20,11,17,1,MEDIUM
2025-06-21T18:41:02.062048+02:00,18,5,2025-06-21,9,17,1,MEDIUM
2025-06-20T21:38:01.989884+02:00,21,4,2025-06-20,17,17,1,LOW
2025-06-21T19:06:01.242956+02:00,19,5,2025-06-21,7,17,1,HIGH
2025-06-21T17:28:02.084582+02:00,17,5,2025-06-21,10,16,1,MEDIUM
2025-06-22T22:51:01.652208+02:00,22,6,2025-06-22,17,17,1,LOW
2025-06-20T20:23:01.935391+02:00,20,4,2025-06-20,17,17,1,LOW
2025-06-23T14:43:01.591438+02:00,14,0,2025-06-23,13,17,1,MEDIUM
2025-06-23T13:46:01.988143+02:00,13,0,2025-06-23,17,17,1,LOW
2025-06-21T17:18:01.535756+02:00,17,5,2025-06-21,13,16,1,MEDIUM
2025-06-23T13:22:01.447030+02:00,13,0,2025-06-23,17,17,1,LOW
2025-06-20T17:53:01.882126+02:00,17,4,2025-06-20,9,17,1,MEDIUM
2025-06-21T14:15:02.197816+02:00,14,5,2025-06-21,13,17,1,MEDIUM
2025-06-23T13:31:02.323430+02:00,13,0,2025-06-23,11,16,1,MEDIUM
2025-06-20T18:58:02.190081+02:00,18,4,2025-06-20,17,17,1,LOW
2025-06-20T22:42:02.210145+02:00,22,4,2025-06-20,17,17,1,LOW
2025-06-21T14:10:02.233881+02:00,14,5,2025-06-21,10,16,1,MEDIUM
2025-06-20T20:29:01.980556+02:00,20,4,2025-06-20,17,17,1,LOW
2025-06-21T19:51:01.715540+02:00,19,5,2025-06-21,4,17,1,HIGH
2025-06-23T14:55:02.740219+02:00,14,0,2025-06-23,10,16,1,MEDIUM
2025-06-20T23:34:02.424051+02:00,23,4,2025-06-20,13,16,1,MEDIUM
2025-06-20T21:18:02.457744+02:00,21,4,2025-06-20,11,17,1,MEDIUM
2025-06-23T14:31:02.939868+02:00,14,0,2025-06-23,9,17,1,MEDIUM
2025-06-20T19:59:02.388677+02:00,19,4,2025-06-20,17,17,1,LOW
2025-06-21T10:46:01.413385+02:00,10,5,2025-06-21,17,17,1,LOW
2025-06-20T20:21:01.987312+02:00,20,4,2025-06-20,17,17,1,LOW
2025-06-20T19:36:01.602362+02:00,19,4,2025-06-20,17,17,1,LOW
2025-06-20T18:36:02.508328+02:00,18,4,2025-06-20,5,16,1,HIGH
2025-06-22T23:29:02.243443+02:00,23,6,2025-06-22,17,17,1,LOW
2025-06-21T12:21:01.470891+02:00,12,5,2025-06-21,11,16,1,MEDIUM
2025-06-21T15:47:02.147995+02:00,15,5,2025-06-21,17,17,1,LOW
2025-06-21T13:33:01.860943+02:00,13,5,2025-06-21,17,17,1,LOW
2025-06-21T14:11:01.802079+02:00,14,5,2025-06-21,10,17,1,MEDIUM
2025-06-20T18:41:01.691365+02:00,18,4,2025-06-20,7,17,1,HIGH
2025-06-21T13:52:02.068391+02:00,13,5,2025-06-21,13,17,1,MEDIUM
2025-06-22T22:42:02.028320+02:00,22,6,2025-06-22,17,17,1,LOW
2025-06-20T18:57:02.497679+02:00,18,4,2025-06-20,17,17,1,LOW
2025-06-21T19:50:02.182888+02:00,19,5,2025-06-21,3,17,1,HIGH
2025-06-21T18:23:01.311799+02:00,18,5,2025-06-21,11,17,1,MEDIUM
2025-06-21T11:16:01.648904+02:00,11,5,2025-06-21,17,17,1,LOW
2025-06-20T21:56:02.223839+02:00,21,4,2025-06-20,13,17,1,MEDIUM
2025-06-21T10:51:01.339887+02:00,10,5,2025-06-21,17,17,1,LOW
2025-06-21T18:21:02.070379+02:00,18,5,2025-06-21,10,16,1,MEDIUM
2025-06-22T22:13:02.282551+02:00,22,6,2025-06-22,17,17,1,LOW
2025-06-21T19:42:03.124875+02:00,19,5,2025-06-21,3,17,1,HIGH
2025-06-21T20:05:01.405850+02:00,20,5,2025-06-21,2,18,1,HIGH
2025-06-21T20:07:01.559470+02:00,20,5,2025-06-21,2,15,1,HIGH
2025-06-20T20:25:01.543445+02:00,20,4,2025-06-20,17,17,1,LOW
2025-06-21T13:29:01.653480+02:00,13,5,2025-06-21,17,17,1,LOW
2025-06-21T10:12:01.518371+02:00,10,5,2025-06-21,17,17,1,LOW
2025-06-20T18:00:01.657294+02:00,18,4,2025-06-20,13,17,1,MEDIUM
2025-06-21T18:24:01.790085+02:00,18,5,2025-06-21,10,16,1,MEDIUM
2025-06-20T22:02:02.464115+02:00,22,4,2025-06-20,11,17,1,MEDIUM
2025-06-21T11:01:02.056683+02:00,11,5,2025-06-21,13,16,1,MEDIUM
2025-06-23T13:09:11.221709+02:00,13,0,2025-06-23,11,16,1,MEDIUM
2025-06-21T10:08:02.185158+02:00,10,5,2025-06-21,13,17,1,MEDIUM
2025-06-21T16:11:01.526688+02:00,16,5,2025-06-21,10,17,1,MEDIUM
2025-06-21T16:55:01.508940+02:00,16,5,2025-06-21,10,17,1,MEDIUM
2025-06-20T20:37:02.392280+02:00,20,4,2025-06-20,17,17,1,LOW
2025-06-21T19:18:01.951994+02:00,19,5,2025-06-21,4,17,1,HIGH
2025-06-22T23:23:01.836032+02:00,23,6,2025-06-22,17,17,1,LOW
2025-06-20T23:10:01.808278+02:00,23,4,2025-06-20,11,16,1,MEDIUM
2025-06-20T19:39:02.183571+02:00,19,4,2025-06-20,13,17,1,MEDIUM
2025-06-21T17:53:01.521251+02:00,17,5,2025-06-21,8,17,1,HIGH
2025-06-23T15:15:01.574163+02:00,15,0,2025-06-23,17,17,1,LOW
2025-06-20T19:44:02.346002+02:00,19,4,2025-06-20,17,17,1,LOW
2025-06-22T22:16:02.036931+02:00,22,6,2025-06-22,17,17,1,LOW
2025-06-21T15:34:01.318394+02:00,15,5,2025-06-21,13,16,1,MEDIUM
2025-06-21T10:38:01.787565+02:00,10,5,2025-06-21,11,16,1,MEDIUM
2025-06-23T13:48:02.000358+02:00,13,0,2025-06-23,17,17,1,LOW
2025-06-21T19:04:02.269660+02:00,19,5,2025-06-21,7,16,1,HIGH
2025-06-20T21:13:02.255548+02:00,21,4,2025-06-20,17,17,1,LOW
2025-06-21T10:57:01.659528+02:00,10,5,2025-06-21,13,17,1,MEDIUM
